entry_id,entry_type,order_id,payment_id,method,gross,fee,tax,net,settlement_id,created_at,settled_at,narration
ENT_000001,payment,ORD_000152,PAY_000001,upi,125800,0,0,125800,STL_0001,2026-06-01T08:03:13,2026-06-03,
ENT_000002,payment,ORD_000085,PAY_000002,card,172200,3444,620,168136,STL_0001,2026-06-01T08:47:45,2026-06-03,
ENT_000594,payment,ORD_000085,PAY_000480,card,172200,3444,620,168136,STL_0001,2026-06-01T08:49:10,2026-06-03,
ENT_000003,payment,ORD_000109,PAY_000003,upi,429100,0,0,429100,STL_0001,2026-06-01T11:05:26,2026-06-03,
ENT_000004,payment,ORD_000270,PAY_000004,card,366800,7336,1320,358144,STL_0001,2026-06-01T12:50:45,2026-06-03,
ENT_000005,payment,ORD_000350,PAY_000005,upi,492000,0,0,492000,STL_0001,2026-06-01T15:22:02,2026-06-03,
ENT_000006,payment,ORD_000173,PAY_000006,upi,2359300,0,0,2359300,STL_0001,2026-06-01T16:04:21,2026-06-03,
ENT_000007,payment,ORD_000220,PAY_000007,netbanking,3039500,57751,10395,2971354,STL_0001,2026-06-01T21:20:58,2026-06-03,
ENT_000008,payment,ORD_000440,PAY_000008,netbanking,134100,2548,459,131093,STL_0001,2026-06-01T22:19:06,2026-06-03,
ENT_000009,payment,ORD_000370,PAY_000009,card,441400,8828,1589,430983,STL_0001,2026-06-01T23:26:30,2026-06-03,
ENT_000010,payment,ORD_000376,PAY_000010,netbanking,743700,14130,2543,727027,STL_0002,2026-06-02T00:11:02,2026-06-04,
ENT_000011,payment,ORD_000491,PAY_000011,netbanking,107700,2046,368,105286,STL_0002,2026-06-02T06:33:24,2026-06-04,
ENT_000012,payment,ORD_000080,PAY_000012,card,129500,2590,466,126444,STL_0002,2026-06-02T06:59:06,2026-06-04,
ENT_000013,payment,ORD_000465,PAY_000013,upi,226200,0,0,226200,STL_0002,2026-06-02T07:59:49,2026-06-04,
ENT_000014,payment,ORD_000121,PAY_000014,netbanking,171100,3251,585,167264,STL_0002,2026-06-02T08:15:37,2026-06-04,
ENT_000015,payment,ORD_000459,PAY_000015,upi,16510000,0,0,16510000,STL_0002,2026-06-02T09:02:15,2026-06-04,
ENT_000016,payment,ORD_000032,PAY_000016,upi,79300,0,0,79300,STL_0002,2026-06-02T09:17:19,2026-06-04,
ENT_000017,payment,ORD_000008,PAY_000017,upi,12102400,0,0,12102400,STL_0002,2026-06-02T09:27:31,2026-06-04,
ENT_000018,payment,ORD_000251,PAY_000018,netbanking,114900,2183,393,112324,STL_0002,2026-06-02T11:04:13,2026-06-04,
ENT_000019,payment,ORD_000143,PAY_000019,card,385400,7708,1387,376305,STL_0002,2026-06-02T13:56:45,2026-06-04,
ENT_000020,payment,ORD_000276,PAY_000020,wallet,3540200,70805,12745,3456650,STL_0002,2026-06-02T13:57:52,2026-06-04,
ENT_000021,payment,ORD_000454,PAY_000021,upi,42100,0,0,42100,STL_0002,2026-06-02T14:59:54,2026-06-04,
ENT_000022,payment,ORD_000363,PAY_000022,netbanking,98700,1875,338,96487,STL_0002,2026-06-02T16:49:15,2026-06-04,
ENT_000023,payment,ORD_000468,PAY_000023,upi,63300,0,0,63300,STL_0002,2026-06-02T17:11:20,2026-06-04,
ENT_000024,payment,ORD_000128,PAY_000024,upi,558300,0,0,558300,STL_0002,2026-06-02T20:55:47,2026-06-04,
ENT_000025,payment,ORD_000415,PAY_000025,upi,1370000,0,0,1370000,STL_0002,2026-06-02T20:57:10,2026-06-04,
ENT_000026,payment,ORD_000479,PAY_000026,upi,90700,0,0,90700,STL_0002,2026-06-02T21:04:58,2026-06-04,
ENT_000027,payment,ORD_000108,PAY_000027,upi,35700,0,0,35700,STL_0002,2026-06-02T21:16:42,2026-06-04,
ENT_000028,payment,ORD_000445,PAY_000028,card,664900,13298,2394,649208,STL_0002,2026-06-02T23:02:13,2026-06-04,
ENT_000029,payment,ORD_000230,PAY_000029,card,3091000,61820,11128,3018052,STL_0003,2026-06-03T06:37:39,2026-06-05,
ENT_000030,payment,ORD_000449,PAY_000030,upi,648700,0,0,648700,STL_0003,2026-06-03T07:24:05,2026-06-05,
ENT_000031,payment,ORD_000343,PAY_000031,upi,87100,0,0,87100,STL_0003,2026-06-03T08:02:06,2026-06-05,
ENT_000516,rolling_reserve_hold,,,,0,0,0,-372918,STL_0001,2026-06-03T08:53:17,2026-06-03,Rolling reserve hold
ENT_000032,payment,ORD_000064,PAY_000032,card,693400,13868,2496,677036,STL_0003,2026-06-03T10:01:37,2026-06-05,
ENT_000033,payment,ORD_000183,PAY_000033,card,455200,9082,1639,444479,STL_0003,2026-06-03T10:36:18,2026-06-05,
ENT_000517,settlement,,,,0,0,0,-8390968,STL_0001,2026-06-03T10:57:34,2026-06-03,Settlement payout UTR HDFCN26060300001
ENT_000034,payment,ORD_000355,PAY_000034,upi,487800,0,0,487800,STL_0003,2026-06-03T11:01:17,2026-06-05,
ENT_000036,payment,ORD_000007,PAY_000036,card,446200,8924,1606,435670,STL_0003,2026-06-03T12:55:38,2026-06-05,
ENT_000035,payment,ORD_000013,PAY_000035,upi,2862200,0,0,2862200,STL_0003,2026-06-03T12:55:54,2026-06-05,
ENT_000037,payment,ORD_000040,PAY_000037,card,703100,14062,2531,686507,STL_0003,2026-06-03T13:27:06,2026-06-05,
ENT_000038,payment,ORD_000434,PAY_000038,upi,85100,0,0,85100,STL_0003,2026-06-03T15:11:38,2026-06-05,
ENT_000039,payment,ORD_000035,PAY_000039,card,109300,2186,393,106721,STL_0003,2026-06-03T21:15:38,2026-06-05,
ENT_000040,payment,ORD_000147,PAY_000040,card,347200,6944,1250,339006,STL_0003,2026-06-03T22:00:55,2026-06-05,
ENT_000515,tds,,,,0,0,0,-7560,STL_0001,2026-06-03T23:06:11,2026-06-03,TDS u/s 194-O on settlement gross
ENT_000602,adjustment,,,,1137400,0,0,1137400,STL_0001,2026-06-03T23:13:13,2026-06-03,OPS ADJ FINAL
ENT_000041,payment,ORD_000289,PAY_000041,upi,138700,0,0,138700,STL_0004,2026-06-04T06:45:37,2026-06-08,
ENT_000520,settlement,,,,0,0,0,-34168664,STL_0002,2026-06-04T06:54:32,2026-06-04,Settlement payout UTR HDFCN26060400002
ENT_000042,payment,ORD_000023,PAY_000042,card,59200,1184,213,57803,STL_0004,2026-06-04T08:17:22,2026-06-08,
ENT_000519,rolling_reserve_hold,,,,0,0,0,-1842898,STL_0002,2026-06-04T08:46:04,2026-06-04,Rolling reserve hold
ENT_000501,refund,ORD_000040,PAY_000037,card,379938,0,0,-379938,STL_0004,2026-06-04T09:26:05,2026-06-08,Refund against PAY_000037
ENT_000600,adjustment,,,,846400,0,0,-846400,STL_0002,2026-06-04T10:55:53,2026-06-04,SETTLEMENT CORR 2026-06
ENT_000518,tds,,,,0,0,0,-37034,STL_0002,2026-06-04T12:16:46,2026-06-04,TDS u/s 194-O on settlement gross
ENT_000044,payment,ORD_000048,PAY_000044,card,133700,2674,481,130545,STL_0004,2026-06-04T12:48:50,2026-06-08,
ENT_000045,payment,ORD_000275,PAY_000045,upi,101900,0,0,101900,STL_0004,2026-06-04T13:15:56,2026-06-08,
ENT_000046,payment,ORD_000499,PAY_000046,upi,25800,0,0,25800,STL_0004,2026-06-04T13:30:16,2026-06-08,
ENT_000047,payment,ORD_000187,PAY_000047,upi,66900,0,0,66900,STL_0004,2026-06-04T13:59:17,2026-06-08,
ENT_000048,payment,ORD_000452,PAY_000048,card,97800,1956,352,95492,STL_0004,2026-06-04T14:37:15,2026-06-08,
ENT_000049,payment,ORD_000316,PAY_000049,netbanking,112800,2143,386,110271,STL_0004,2026-06-04T15:54:04,2026-06-08,
ENT_000050,payment,ORD_000074,PAY_000050,upi,607800,0,0,607800,STL_0004,2026-06-04T17:02:07,2026-06-08,
ENT_000051,payment,ORD_000204,PAY_000051,card,3089600,61792,11123,3016685,STL_0004,2026-06-04T17:48:51,2026-06-08,
ENT_000052,payment,ORD_000364,PAY_000052,upi,125900,0,0,125900,STL_0004,2026-06-04T21:23:14,2026-06-08,
ENT_000053,payment,ORD_000309,PAY_000053,netbanking,141200,2683,483,138034,STL_0004,2026-06-04T23:40:54,2026-06-08,
ENT_000482,refund,ORD_000355,PAY_000034,upi,487800,0,0,-487800,STL_0004,2026-06-05T06:29:38,2026-06-08,Refund against PAY_000034
ENT_000521,tds,,,,0,0,0,-10016,STL_0003,2026-06-05T06:52:37,2026-06-05,TDS u/s 194-O on settlement gross
ENT_000054,payment,ORD_000432,PAY_000054,wallet,157600,3152,567,153881,STL_0004,2026-06-05T06:54:44,2026-06-08,
ENT_000055,payment,ORD_000148,PAY_000055,upi,62100,0,0,62100,STL_0004,2026-06-05T06:59:13,2026-06-08,
ENT_000056,payment,ORD_000429,PAY_000056,netbanking,66000,1254,226,64520,STL_0004,2026-06-05T08:55:41,2026-06-08,
ENT_000057,payment,ORD_000005,PAY_000057,card,87700,1754,316,85630,STL_0004,2026-06-05T09:32:22,2026-06-08,
ENT_000058,payment,ORD_000172,PAY_000058,card,45600,912,164,44524,STL_0004,2026-06-05T09:51:21,2026-06-08,
ENT_000059,payment,ORD_000016,PAY_000059,card,239800,4796,863,234141,STL_0004,2026-06-05T10:44:31,2026-06-08,
ENT_000060,payment,ORD_000470,PAY_000060,card,31500,630,113,30757,STL_0004,2026-06-05T11:30:09,2026-06-08,
ENT_000061,payment,ORD_000443,PAY_000061,upi,121700,0,0,121700,STL_0004,2026-06-05T12:03:24,2026-06-08,
ENT_000523,settlement,,,,0,0,0,-9374916,STL_0003,2026-06-05T12:58:02,2026-06-05,Settlement payout UTR HDFCN26060500003
ENT_000062,payment,ORD_000193,PAY_000062,card,26600,532,96,25972,STL_0004,2026-06-05T14:37:36,2026-06-08,
ENT_000063,payment,ORD_000086,PAY_000063,card,87500,1750,315,85435,STL_0004,2026-06-05T16:22:38,2026-06-08,
ENT_000064,payment,ORD_000493,PAY_000064,netbanking,581100,11041,1987,568072,STL_0004,2026-06-05T17:16:16,2026-06-08,
ENT_000065,payment,ORD_000300,PAY_000065,wallet,1317900,26377,4744,1286779,STL_0004,2026-06-05T18:02:18,2026-06-08,
ENT_000066,payment,ORD_000217,PAY_000066,upi,24310200,0,0,24310200,STL_0004,2026-06-05T18:21:53,2026-06-08,
ENT_000067,payment,ORD_000421,PAY_000067,upi,5790300,0,0,5790300,STL_0004,2026-06-05T18:34:20,2026-06-08,
ENT_000522,rolling_reserve_hold,,,,0,0,0,-493417,STL_0003,2026-06-05T18:49:37,2026-06-05,Rolling reserve hold
ENT_000068,payment,ORD_000380,PAY_000068,wallet,136900,2738,493,133669,STL_0004,2026-06-05T19:06:02,2026-06-08,
ENT_000069,payment,ORD_000223,PAY_000069,upi,1884800,0,0,1884800,STL_0004,2026-06-05T20:03:29,2026-06-08,
ENT_000070,payment,ORD_000139,PAY_000070,upi,30400,0,0,30400,STL_0004,2026-06-05T20:18:32,2026-06-08,
ENT_000071,payment,ORD_000206,PAY_000071,upi,138500,0,0,138500,STL_0004,2026-06-05T21:44:10,2026-06-08,
ENT_000072,payment,ORD_000318,PAY_000072,card,122300,2446,440,119414,STL_0004,2026-06-05T22:03:08,2026-06-08,
ENT_000073,payment,ORD_000221,PAY_000073,card,1462800,29256,5266,1428278,STL_0004,2026-06-05T22:55:21,2026-06-08,
ENT_000075,payment,ORD_000341,PAY_000075,upi,491200,0,0,491200,STL_0004,2026-06-05T23:40:05,2026-06-08,
ENT_000074,payment,ORD_000079,PAY_000074,wallet,77600,1552,279,75769,STL_0004,2026-06-05T23:43:32,2026-06-08,
ENT_000076,payment,ORD_000265,PAY_000076,card,21200,424,76,20700,STL_0004,2026-06-06T09:42:54,2026-06-08,
ENT_000077,payment,ORD_000291,PAY_000077,upi,461400,0,0,461400,STL_0004,2026-06-06T10:57:45,2026-06-08,
ENT_000078,payment,ORD_000277,PAY_000078,card,305500,6110,1100,298290,STL_0004,2026-06-06T11:32:04,2026-06-08,
ENT_000079,payment,ORD_000385,PAY_000079,netbanking,104400,1984,357,102059,STL_0004,2026-06-06T12:39:49,2026-06-08,
ENT_000512,adjustment,,,,27900,0,0,27900,STL_0004,2026-06-06T13:45:47,2026-06-08,CR ADJ - see support ticket 4471
ENT_000080,payment,ORD_000371,PAY_000080,card,136500,2730,491,133279,STL_0004,2026-06-06T16:04:55,2026-06-08,
ENT_000081,payment,ORD_000495,PAY_000081,upi,3992900,0,0,3992900,STL_0004,2026-06-06T16:19:09,2026-06-08,
ENT_000082,payment,ORD_000500,PAY_000082,upi,5191000,0,0,5191000,STL_0004,2026-06-06T16:38:00,2026-06-08,
ENT_000083,payment,ORD_000201,PAY_000083,card,714900,14298,2574,698028,STL_0004,2026-06-06T17:18:43,2026-06-08,
ENT_000596,payment,ORD_TEST_88047,PAY_000482,upi,356900,0,0,356900,STL_0004,2026-06-06T17:22:12,2026-06-08,
ENT_000084,payment,ORD_000092,PAY_000084,wallet,405500,8145,1460,395895,STL_0004,2026-06-06T18:27:47,2026-06-08,
ENT_000085,payment,ORD_000061,PAY_000085,wallet,132000,2640,475,128885,STL_0004,2026-06-06T19:32:42,2026-06-08,
ENT_000086,payment,ORD_000115,PAY_000086,netbanking,102100,1940,349,99811,STL_0004,2026-06-06T21:31:46,2026-06-08,
ENT_000087,payment,ORD_000011,PAY_000087,upi,22777200,0,0,22777200,STL_0004,2026-06-06T23:24:11,2026-06-08,
ENT_000088,payment,ORD_000049,PAY_000088,netbanking,355700,6758,1216,347726,STL_0005,2026-06-07T07:13:00,2026-06-09,
ENT_000089,payment,ORD_000154,PAY_000089,upi,664000,0,0,664000,STL_0005,2026-06-07T07:31:20,2026-06-09,
ENT_000090,payment,ORD_000093,PAY_000090,card,71600,1432,258,69910,STL_0005,2026-06-07T10:01:19,2026-06-09,
ENT_000091,payment,ORD_000063,PAY_000091,card,120100,2402,432,117266,STL_0005,2026-06-07T12:26:43,2026-06-09,
ENT_000092,payment,ORD_000344,PAY_000092,upi,607800,0,0,607800,STL_0005,2026-06-07T12:33:00,2026-06-09,
ENT_000093,payment,ORD_000059,PAY_000093,card,5868000,117360,21125,5729515,STL_0005,2026-06-07T14:34:38,2026-06-09,
ENT_000094,payment,ORD_000100,PAY_000094,card,131900,2638,475,128787,STL_0005,2026-06-07T14:35:59,2026-06-09,
ENT_000095,payment,ORD_000169,PAY_000095,upi,7325800,0,0,7325800,STL_0005,2026-06-07T16:21:07,2026-06-09,
ENT_000096,payment,ORD_000167,PAY_000096,card,1451100,29022,5224,1416854,STL_0005,2026-06-07T17:36:07,2026-06-09,
ENT_000097,payment,ORD_000409,PAY_000097,card,555400,11096,1999,542305,STL_0005,2026-06-07T19:48:26,2026-06-09,
ENT_000098,payment,ORD_000033,PAY_000098,netbanking,66900,1271,229,65400,STL_0005,2026-06-07T20:16:35,2026-06-09,
ENT_000099,payment,ORD_000461,PAY_000099,upi,348700,0,0,348700,STL_0005,2026-06-07T20:37:29,2026-06-09,
ENT_000505,refund,ORD_000465,PAY_000013,upi,226200,0,0,-226200,STL_0005,2026-06-07T20:59:59,2026-06-09,Refund against PAY_000013
ENT_000100,payment,ORD_000031,PAY_000100,upi,94000,0,0,94000,STL_0005,2026-06-07T21:00:53,2026-06-09,
ENT_000101,payment,ORD_000129,PAY_000101,netbanking,3671200,69753,12556,3588891,STL_0005,2026-06-07T21:21:59,2026-06-09,
ENT_000102,payment,ORD_000030,PAY_000102,card,349000,6980,1256,340764,STL_0005,2026-06-07T21:53:26,2026-06-09,
ENT_000103,payment,ORD_000402,PAY_000103,wallet,550900,11018,1983,537899,STL_0005,2026-06-07T22:44:33,2026-06-09,
ENT_000104,payment,ORD_000107,PAY_000104,upi,12700,0,0,12700,STL_0005,2026-06-07T23:21:18,2026-06-09,
ENT_000105,payment,ORD_000118,PAY_000105,upi,1267900,0,0,1267900,STL_0006,2026-06-08T07:25:15,2026-06-10,
ENT_000106,payment,ORD_000028,PAY_000106,upi,139100,0,0,139100,STL_0006,2026-06-08T07:26:50,2026-06-10,
ENT_000107,payment,ORD_000102,PAY_000107,upi,13400,0,0,13400,STL_0006,2026-06-08T08:29:35,2026-06-10,
ENT_000108,payment,ORD_000116,PAY_000108,upi,521900,0,0,521900,STL_0006,2026-06-08T08:51:06,2026-06-10,
ENT_000526,settlement,,,,0,0,0,-71745173,STL_0004,2026-06-08T10:23:25,2026-06-08,Settlement payout UTR HDFCN26060800004
ENT_000109,payment,ORD_000054,PAY_000109,upi,3463200,0,0,3463200,STL_0006,2026-06-08T11:14:22,2026-06-10,
ENT_000110,payment,ORD_000105,PAY_000110,upi,119600,0,0,119600,STL_0006,2026-06-08T11:20:49,2026-06-10,
ENT_000111,payment,ORD_000055,PAY_000111,card,962400,19248,3465,939687,STL_0006,2026-06-08T11:54:41,2026-06-10,
ENT_000112,payment,ORD_000411,PAY_000112,netbanking,69000,1311,236,67453,STL_0006,2026-06-08T11:58:36,2026-06-10,
ENT_000113,payment,ORD_000098,PAY_000113,netbanking,102200,1942,350,99908,STL_0006,2026-06-08T13:49:56,2026-06-10,
ENT_000114,payment,ORD_000073,PAY_000114,upi,606600,0,0,606600,STL_0006,2026-06-08T14:07:52,2026-06-10,
ENT_000115,payment,ORD_000181,PAY_000115,upi,29300,0,0,29300,STL_0006,2026-06-08T16:40:59,2026-06-10,
ENT_000116,payment,ORD_000347,PAY_000116,netbanking,119100,2263,407,116430,STL_0006,2026-06-08T17:29:18,2026-06-10,
ENT_000117,payment,ORD_000442,PAY_000117,upi,12300,0,0,12300,STL_0006,2026-06-08T18:02:57,2026-06-10,
ENT_000118,payment,ORD_000487,PAY_000118,netbanking,329700,6264,1128,322308,STL_0006,2026-06-08T18:26:44,2026-06-10,
ENT_000119,payment,ORD_000369,PAY_000119,netbanking,652800,12403,2233,638164,STL_0006,2026-06-08T18:53:55,2026-06-10,
ENT_000120,payment,ORD_000279,PAY_000120,upi,67500,0,0,67500,STL_0006,2026-06-08T21:40:07,2026-06-10,
ENT_000121,payment,ORD_000070,PAY_000121,wallet,60000,1200,216,58584,STL_0006,2026-06-08T21:52:15,2026-06-10,
ENT_000524,tds,,,,0,0,0,-76683,STL_0004,2026-06-08T23:16:34,2026-06-08,TDS u/s 194-O on settlement gross
ENT_000525,rolling_reserve_hold,,,,0,0,0,-3776578,STL_0004,2026-06-08T23:30:41,2026-06-08,Rolling reserve hold
ENT_000122,payment,ORD_000330,PAY_000122,upi,18137300,0,0,18137300,STL_0006,2026-06-08T23:34:11,2026-06-10,
ENT_000493,refund,ORD_000028,PAY_000106,upi,139100,0,0,-139100,STL_0007,2026-06-09T03:36:01,2026-06-11,Refund against PAY_000106
ENT_000123,payment,ORD_000472,PAY_000123,netbanking,72200,1372,247,70581,STL_0007,2026-06-09T07:22:50,2026-06-11,
ENT_000124,payment,ORD_000290,PAY_000124,upi,740900,0,0,740900,STL_0007,2026-06-09T07:39:56,2026-06-11,
ENT_000125,payment,ORD_000091,PAY_000125,card,762700,15254,2746,744700,STL_0007,2026-06-09T09:54:19,2026-06-11,
ENT_000480,refund,ORD_000270,PAY_000004,card,163072,0,0,-163072,STL_0007,2026-06-09T11:47:28,2026-06-11,Refund against PAY_000004
ENT_000527,tds,,,,0,0,0,-22245,STL_0005,2026-06-09T13:57:49,2026-06-09,TDS u/s 194-O on settlement gross
ENT_000126,payment,ORD_000485,PAY_000126,upi,174000,0,0,174000,STL_0007,2026-06-09T14:14:19,2026-06-11,
ENT_000127,payment,ORD_000134,PAY_000127,upi,113800,0,0,113800,STL_0007,2026-06-09T15:00:25,2026-06-11,
ENT_000528,rolling_reserve_hold,,,,0,0,0,-1084493,STL_0005,2026-06-09T15:08:29,2026-06-09,Rolling reserve hold
ENT_000128,payment,ORD_000297,PAY_000128,card,2750400,55008,9901,2685491,STL_0007,2026-06-09T15:51:31,2026-06-11,
ENT_000130,payment,ORD_000157,PAY_000130,netbanking,3957800,75198,13536,3869066,STL_0007,2026-06-09T16:01:01,2026-06-11,
ENT_000129,payment,ORD_000430,PAY_000129,upi,138000,0,0,138000,STL_0007,2026-06-09T16:01:21,2026-06-11,
ENT_000131,payment,ORD_000453,PAY_000131,netbanking,556400,10572,1903,543925,STL_0007,2026-06-09T20:34:15,2026-06-11,
ENT_000132,payment,ORD_000255,PAY_000132,upi,48000,0,0,48000,STL_0007,2026-06-09T21:40:19,2026-06-11,
ENT_000529,settlement,,,,0,0,0,-20605367,STL_0005,2026-06-09T22:32:05,2026-06-09,Settlement payout UTR HDFCN26060900005
ENT_000133,payment,ORD_000374,PAY_000133,upi,101800,0,0,101800,STL_0007,2026-06-09T23:50:26,2026-06-11,
ENT_000531,tds,,,,0,0,0,-26673,STL_0006,2026-06-10T06:42:15,2026-06-10,TDS u/s 194-O on settlement gross
ENT_000135,payment,ORD_000272,PAY_000135,netbanking,24800,471,85,24244,STL_0008,2026-06-10T07:21:50,2026-06-12,
ENT_000599,payment,ORD_TEST_26173,PAY_000485,wallet,137700,2754,496,134450,STL_0008,2026-06-10T08:07:47,2026-06-12,
ENT_000136,payment,ORD_000257,PAY_000136,upi,37600,0,0,37600,STL_0008,2026-06-10T08:32:02,2026-06-12,
ENT_000137,payment,ORD_000203,PAY_000137,upi,44300,0,0,44300,STL_0008,2026-06-10T08:39:59,2026-06-12,
ENT_000138,payment,ORD_000119,PAY_000138,card,3678000,73560,13241,3591199,STL_0008,2026-06-10T09:43:23,2026-06-12,
ENT_000139,payment,ORD_000268,PAY_000139,wallet,288100,5762,1037,281301,STL_0008,2026-06-10T10:22:40,2026-06-12,
ENT_000140,payment,ORD_000164,PAY_000140,upi,119900,0,0,119900,STL_0008,2026-06-10T10:27:04,2026-06-12,
ENT_000533,settlement,,,,0,0,0,-25618535,STL_0006,2026-06-10T10:28:10,2026-06-10,Settlement payout UTR HDFCN26061000006
ENT_000141,payment,ORD_000229,PAY_000141,card,115000,2300,414,112286,STL_0008,2026-06-10T11:04:02,2026-06-12,
ENT_000532,rolling_reserve_hold,,,,0,0,0,-1348344,STL_0006,2026-06-10T11:48:32,2026-06-10,Rolling reserve hold
ENT_000142,payment,ORD_000069,PAY_000142,netbanking,226500,4304,775,221421,STL_0008,2026-06-10T13:47:28,2026-06-12,
ENT_000143,payment,ORD_000267,PAY_000143,upi,122700,0,0,122700,STL_0008,2026-06-10T14:22:44,2026-06-12,
ENT_000144,payment,ORD_000145,PAY_000144,wallet,21300,426,77,20797,STL_0008,2026-06-10T15:34:52,2026-06-12,
ENT_000145,payment,ORD_000340,PAY_000145,wallet,334600,6692,1205,326703,STL_0008,2026-06-10T16:06:03,2026-06-12,
ENT_000146,payment,ORD_000266,PAY_000146,upi,2277600,0,0,2277600,STL_0008,2026-06-10T17:40:42,2026-06-12,
ENT_000511,adjustment,,,,269600,0,0,-269600,STL_0008,2026-06-10T17:51:20,2026-06-12,Rolling reserve released early on merchant request
ENT_000147,payment,ORD_000021,PAY_000147,netbanking,275200,5229,941,269030,STL_0008,2026-06-10T17:56:20,2026-06-12,
ENT_000148,payment,ORD_000387,PAY_000148,upi,796400,0,0,796400,STL_0008,2026-06-10T18:12:45,2026-06-12,
ENT_000530,rolling_reserve_release,,,,0,0,0,372918,STL_0006,2026-06-10T18:23:32,2026-06-10,Rolling reserve release
ENT_000149,payment,ORD_000120,PAY_000149,upi,554500,0,0,554500,STL_0008,2026-06-10T20:14:51,2026-06-12,
ENT_000151,payment,ORD_000186,PAY_000151,card,276700,5534,996,270170,STL_0008,2026-06-10T21:15:21,2026-06-12,
ENT_000150,payment,ORD_000386,PAY_000150,netbanking,3481300,66145,11906,3403249,STL_0008,2026-06-10T21:15:46,2026-06-12,
ENT_000595,payment,ORD_000386,PAY_000481,netbanking,3481300,66145,11906,3403249,STL_0008,2026-06-10T21:16:24,2026-06-12,
ENT_000152,payment,ORD_000135,PAY_000152,card,690600,13812,2486,674302,STL_0008,2026-06-10T22:06:47,2026-06-12,
ENT_000153,payment,ORD_000065,PAY_000153,wallet,436900,8738,1573,426589,STL_0008,2026-06-10T23:22:51,2026-06-12,
ENT_000155,payment,ORD_000367,PAY_000155,card,468700,9374,1687,457639,STL_0008,2026-06-10T23:26:33,2026-06-12,
ENT_000154,payment,ORD_000447,PAY_000154,upi,10073100,0,0,10073100,STL_0008,2026-06-10T23:31:47,2026-06-12,
ENT_000156,payment,ORD_000408,PAY_000156,upi,83400,0,0,83400,STL_0009,2026-06-11T06:33:18,2026-06-15,
ENT_000157,payment,ORD_000232,PAY_000157,card,1701700,34034,6126,1661540,STL_0009,2026-06-11T07:25:02,2026-06-15,
ENT_000158,payment,ORD_000192,PAY_000158,wallet,786300,15726,2831,767743,STL_0009,2026-06-11T09:07:18,2026-06-15,
ENT_000159,payment,ORD_000381,PAY_000159,upi,5066600,0,0,5066600,STL_0009,2026-06-11T10:24:23,2026-06-15,
ENT_000160,payment,ORD_000405,PAY_000160,upi,86300,0,0,86300,STL_0009,2026-06-11T10:44:52,2026-06-15,
ENT_000535,tds,,,,0,0,0,-9469,STL_0007,2026-06-11T10:47:46,2026-06-11,TDS u/s 194-O on settlement gross
ENT_000534,rolling_reserve_release,,,,0,0,0,1842898,STL_0007,2026-06-11T11:36:36,2026-06-11,Rolling reserve release
ENT_000162,payment,ORD_000078,PAY_000162,upi,40700,0,0,40700,STL_0009,2026-06-11T13:27:37,2026-06-15,
ENT_000161,payment,ORD_000056,PAY_000161,wallet,5617200,112344,20222,5484634,STL_0009,2026-06-11T13:28:37,2026-06-15,
ENT_000537,settlement,,,,0,0,0,-10220847,STL_0007,2026-06-11T13:48:31,2026-06-11,Settlement payout UTR HDFCN26061100007
ENT_000163,payment,ORD_000349,PAY_000163,card,19200,384,69,18747,STL_0009,2026-06-11T13:51:35,2026-06-15,
ENT_000164,payment,ORD_000158,PAY_000164,netbanking,9689800,184106,33139,9472555,STL_0009,2026-06-11T14:09:47,2026-06-15,
ENT_000165,payment,ORD_000087,PAY_000165,netbanking,96200,1828,329,94043,STL_0009,2026-06-11T15:07:14,2026-06-15,
ENT_000167,payment,ORD_000208,PAY_000167,upi,667200,0,0,667200,STL_0009,2026-06-11T15:53:00,2026-06-15,
ENT_000166,payment,ORD_000125,PAY_000166,card,111300,2226,401,108673,STL_0009,2026-06-11T15:54:01,2026-06-15,
ENT_000168,payment,ORD_000012,PAY_000168,card,16400,328,59,16013,STL_0009,2026-06-11T16:36:48,2026-06-15,
ENT_000169,payment,ORD_000287,PAY_000169,card,395100,7902,1422,385776,STL_0009,2026-06-11T16:38:15,2026-06-15,
ENT_000170,payment,ORD_000274,PAY_000170,upi,9427900,0,0,9427900,STL_0009,2026-06-11T17:40:03,2026-06-15,
ENT_000171,payment,ORD_000424,PAY_000171,upi,525500,0,0,525500,STL_0009,2026-06-11T18:06:58,2026-06-15,
ENT_000172,payment,ORD_000137,PAY_000172,upi,341300,0,0,341300,STL_0009,2026-06-11T19:14:45,2026-06-15,
ENT_000173,payment,ORD_000471,PAY_000173,wallet,52400,1048,189,51163,STL_0009,2026-06-11T20:33:44,2026-06-15,
ENT_000174,payment,ORD_000373,PAY_000174,upi,73000,0,0,73000,STL_0009,2026-06-11T20:36:31,2026-06-15,
ENT_000536,rolling_reserve_hold,,,,0,0,0,-540673,STL_0007,2026-06-11T21:22:02,2026-06-11,Rolling reserve hold
ENT_000175,payment,ORD_000352,PAY_000175,card,22821600,456432,82158,22283010,STL_0009,2026-06-11T21:41:12,2026-06-15,
ENT_000176,payment,ORD_000458,PAY_000176,card,247800,4945,892,241963,STL_0009,2026-06-11T22:57:40,2026-06-15,
ENT_000178,payment,ORD_000178,PAY_000178,upi,137700,0,0,137700,STL_0009,2026-06-11T23:50:47,2026-06-15,
ENT_000177,payment,ORD_000351,PAY_000177,card,4072200,81444,14660,3976096,STL_0009,2026-06-11T23:53:30,2026-06-15,
ENT_000179,payment,ORD_000214,PAY_000179,netbanking,79100,1503,271,77326,STL_0009,2026-06-12T08:05:20,2026-06-15,
ENT_000180,payment,ORD_000006,PAY_000180,card,589200,11784,2121,575295,STL_0009,2026-06-12T10:09:15,2026-06-15,
ENT_000181,payment,ORD_000284,PAY_000181,upi,449500,0,0,449500,STL_0009,2026-06-12T10:14:37,2026-06-15,
ENT_000540,rolling_reserve_hold,,,,0,0,0,-1197351,STL_0008,2026-06-12T12:33:58,2026-06-12,Rolling reserve hold
ENT_000182,payment,ORD_000379,PAY_000182,card,556100,11122,2002,542976,STL_0009,2026-06-12T12:42:04,2026-06-15,
ENT_000538,rolling_reserve_release,,,,0,0,0,493417,STL_0008,2026-06-12T13:04:16,2026-06-12,Rolling reserve release
ENT_000183,payment,ORD_000104,PAY_000183,upi,102800,0,0,102800,STL_0009,2026-06-12T14:33:23,2026-06-15,
ENT_000184,payment,ORD_000250,PAY_000184,card,506300,10099,1823,494378,STL_0009,2026-06-12T14:44:17,2026-06-15,
ENT_000185,payment,ORD_000451,PAY_000185,wallet,35800,716,129,34955,STL_0009,2026-06-12T14:52:59,2026-06-15,
ENT_000186,payment,ORD_000224,PAY_000186,card,22006300,440126,79223,21486951,STL_0009,2026-06-12T15:52:54,2026-06-15,
ENT_000539,tds,,,,0,0,0,-23977,STL_0008,2026-06-12T17:14:02,2026-06-12,TDS u/s 194-O on settlement gross
ENT_000541,settlement,,,,0,0,0,-26287368,STL_0008,2026-06-12T17:24:30,2026-06-12,Settlement payout UTR HDFCN26061200008
ENT_000187,payment,ORD_000339,PAY_000187,upi,2888800,0,0,2888800,STL_0009,2026-06-12T19:39:11,2026-06-15,
ENT_000188,payment,ORD_000165,PAY_000188,netbanking,41500,781,142,40577,STL_0009,2026-06-12T19:48:36,2026-06-15,
ENT_000189,payment,ORD_000253,PAY_000189,netbanking,41300,785,141,40374,STL_0009,2026-06-12T20:29:22,2026-06-15,
ENT_000190,payment,ORD_000242,PAY_000190,upi,105000,0,0,105000,STL_0009,2026-06-12T21:50:30,2026-06-15,
ENT_000191,payment,ORD_000348,PAY_000191,upi,741800,0,0,741800,STL_0009,2026-06-12T22:03:44,2026-06-15,
ENT_000192,payment,ORD_000210,PAY_000192,upi,223900,0,0,223900,STL_0009,2026-06-12T22:25:43,2026-06-15,
ENT_000193,payment,ORD_000043,PAY_000193,netbanking,765900,14552,2619,748729,STL_0009,2026-06-13T08:10:46,2026-06-15,
ENT_000194,payment,ORD_000240,PAY_000194,card,442500,8850,1593,432057,STL_0009,2026-06-13T08:33:10,2026-06-15,
ENT_000195,payment,ORD_000072,PAY_000195,upi,11000,0,0,11000,STL_0009,2026-06-13T09:53:06,2026-06-15,
ENT_000196,payment,ORD_000014,PAY_000196,card,366900,7338,1321,358241,STL_0009,2026-06-13T10:27:44,2026-06-15,
ENT_000197,payment,ORD_000196,PAY_000197,upi,71600,0,0,71600,STL_0009,2026-06-13T12:54:33,2026-06-15,
ENT_000198,payment,ORD_000469,PAY_000198,upi,65500,0,0,65500,STL_0009,2026-06-13T13:19:06,2026-06-15,
ENT_000199,payment,ORD_000361,PAY_000199,upi,349200,0,0,349200,STL_0009,2026-06-13T13:23:28,2026-06-15,
ENT_000200,payment,ORD_000331,PAY_000200,upi,277000,0,0,277000,STL_0009,2026-06-13T14:23:02,2026-06-15,
ENT_000201,payment,ORD_000036,PAY_000201,netbanking,89800,1706,307,87787,STL_0009,2026-06-13T15:07:58,2026-06-15,
ENT_000203,payment,ORD_000231,PAY_000203,upi,26600,0,0,26600,STL_0009,2026-06-13T17:15:43,2026-06-15,
ENT_000202,payment,ORD_000198,PAY_000202,upi,697200,0,0,697200,STL_0009,2026-06-13T17:16:57,2026-06-15,
ENT_000204,payment,ORD_000179,PAY_000204,card,113400,2268,408,110724,STL_0009,2026-06-13T19:17:56,2026-06-15,
ENT_000205,payment,ORD_000342,PAY_000205,wallet,26000,520,94,25386,STL_0009,2026-06-13T21:00:03,2026-06-15,
ENT_000206,payment,ORD_000441,PAY_000206,card,2368500,47370,8527,2312603,STL_0009,2026-06-13T21:24:31,2026-06-15,
ENT_000207,payment,ORD_000103,PAY_000207,upi,452300,0,0,452300,STL_0009,2026-06-13T21:39:27,2026-06-15,
ENT_000208,payment,ORD_000410,PAY_000208,netbanking,217700,4136,744,212820,STL_0010,2026-06-14T06:54:00,2026-06-16,
ENT_000209,payment,ORD_000238,PAY_000209,card,445400,8908,1603,434889,STL_0010,2026-06-14T08:36:36,2026-06-16,
ENT_000210,payment,ORD_000446,PAY_000210,card,590400,11783,2125,576492,STL_0010,2026-06-14T10:30:26,2026-06-16,
ENT_000211,payment,ORD_000131,PAY_000211,netbanking,246200,4678,842,240680,STL_0010,2026-06-14T10:34:31,2026-06-16,
ENT_000513,adjustment,,,,473300,0,0,-473300,STL_0010,2026-06-14T10:43:46,2026-06-16,Recovery of short-collected MDR on card volume
ENT_000212,payment,ORD_000146,PAY_000212,card,149500,2990,538,145972,STL_0010,2026-06-14T11:21:19,2026-06-16,
ENT_000213,payment,ORD_000227,PAY_000213,upi,1707000,0,0,1707000,STL_0010,2026-06-14T14:11:20,2026-06-16,
ENT_000214,payment,ORD_000050,PAY_000214,wallet,36600,732,132,35736,STL_0010,2026-06-14T14:17:39,2026-06-16,
ENT_000215,payment,ORD_000195,PAY_000215,upi,696500,0,0,696500,STL_0010,2026-06-14T15:11:40,2026-06-16,
ENT_000216,payment,ORD_000066,PAY_000216,upi,292500,0,0,292500,STL_0010,2026-06-14T15:32:17,2026-06-16,
ENT_000217,payment,ORD_000375,PAY_000217,wallet,28900,578,104,28218,STL_0010,2026-06-14T17:01:13,2026-06-16,
ENT_000218,payment,ORD_000273,PAY_000218,card,39300,786,141,38373,STL_0010,2026-06-14T17:05:08,2026-06-16,
ENT_000219,payment,ORD_000394,PAY_000219,upi,38900,0,0,38900,STL_0010,2026-06-14T17:31:13,2026-06-16,
ENT_000220,payment,ORD_000124,PAY_000220,upi,18321000,0,0,18321000,STL_0010,2026-06-14T17:39:12,2026-06-16,
ENT_000591,payment,ORD_000124,PAY_000477,upi,18321000,0,0,18321000,STL_0010,2026-06-14T17:43:02,2026-06-16,
ENT_000221,payment,ORD_000112,PAY_000221,upi,116900,0,0,116900,STL_0010,2026-06-14T18:41:08,2026-06-16,
ENT_000222,payment,ORD_000144,PAY_000222,netbanking,232300,4414,795,227091,STL_0010,2026-06-14T20:16:23,2026-06-16,
ENT_000223,payment,ORD_000406,PAY_000223,upi,47900,0,0,47900,STL_0010,2026-06-14T21:47:26,2026-06-16,
ENT_000224,payment,ORD_000293,PAY_000224,card,650900,13018,2343,635539,STL_0010,2026-06-14T22:01:27,2026-06-16,
ENT_000225,payment,ORD_000194,PAY_000225,upi,54000,0,0,54000,STL_0010,2026-06-14T22:21:45,2026-06-16,
ENT_000226,payment,ORD_000156,PAY_000226,upi,3197600,0,0,3197600,STL_0010,2026-06-14T22:38:15,2026-06-16,
ENT_000227,payment,ORD_000271,PAY_000227,upi,663700,0,0,663700,STL_0010,2026-06-14T23:27:53,2026-06-16,
ENT_000543,tds,,,,0,0,0,-96568,STL_0009,2026-06-15T07:41:20,2026-06-15,TDS u/s 194-O on settlement gross
ENT_000228,payment,ORD_000113,PAY_000228,card,14005300,280106,50419,13674775,STL_0011,2026-06-15T07:45:52,2026-06-17,
ENT_000230,payment,ORD_000322,PAY_000230,wallet,550400,11008,1981,537411,STL_0011,2026-06-15T09:03:42,2026-06-17,
ENT_000229,payment,ORD_000051,PAY_000229,upi,241600,0,0,241600,STL_0011,2026-06-15T09:08:47,2026-06-17,
ENT_000231,payment,ORD_000395,PAY_000231,wallet,540000,10800,1944,527256,STL_0011,2026-06-15T09:37:27,2026-06-17,
ENT_000544,rolling_reserve_hold,,,,0,0,0,-4926104,STL_0009,2026-06-15T09:45:33,2026-06-15,Rolling reserve hold
ENT_000232,payment,ORD_000163,PAY_000232,upi,245500,0,0,245500,STL_0011,2026-06-15T10:05:34,2026-06-17,
ENT_000597,payment,ORD_TEST_45157,PAY_000483,card,259700,5194,935,253571,STL_0011,2026-06-15T11:22:39,2026-06-17,
ENT_000233,payment,ORD_000068,PAY_000233,upi,752800,0,0,752800,STL_0011,2026-06-15T11:56:16,2026-06-17,
ENT_000234,payment,ORD_000009,PAY_000234,upi,82600,0,0,82600,STL_0011,2026-06-15T12:46:30,2026-06-17,
ENT_000235,payment,ORD_000414,PAY_000235,upi,143700,0,0,143700,STL_0011,2026-06-15T13:22:29,2026-06-17,
ENT_000545,settlement,,,,0,0,0,-93595975,STL_0009,2026-06-15T14:53:47,2026-06-15,Settlement payout UTR HDFCN26061500009
ENT_000236,payment,ORD_000149,PAY_000236,upi,100300,0,0,100300,STL_0011,2026-06-15T17:38:01,2026-06-17,
ENT_000237,payment,ORD_000254,PAY_000237,card,427600,8552,1539,417509,STL_0011,2026-06-15T18:23:54,2026-06-17,
ENT_000239,payment,ORD_000136,PAY_000239,card,121100,2422,436,118242,STL_0011,2026-06-15T18:30:57,2026-06-17,
ENT_000238,payment,ORD_000334,PAY_000238,upi,18900,0,0,18900,STL_0011,2026-06-15T18:40:42,2026-06-17,
ENT_000240,payment,ORD_000278,PAY_000240,upi,223700,0,0,223700,STL_0011,2026-06-15T18:43:44,2026-06-17,
ENT_000241,payment,ORD_000004,PAY_000241,upi,280700,0,0,280700,STL_0011,2026-06-15T19:30:44,2026-06-17,
ENT_000242,payment,ORD_000323,PAY_000242,card,94900,1898,342,92660,STL_0011,2026-06-15T20:46:31,2026-06-17,
ENT_000542,rolling_reserve_release,,,,0,0,0,3776578,STL_0009,2026-06-15T20:56:02,2026-06-15,Rolling reserve release
ENT_000243,payment,ORD_000075,PAY_000243,wallet,122100,2442,440,119218,STL_0011,2026-06-15T21:08:47,2026-06-17,
ENT_000487,refund,ORD_000105,PAY_000110,upi,44122,0,0,-44122,STL_0012,2026-06-16T01:14:01,2026-06-18,Refund against PAY_000110
ENT_000549,settlement,,,,0,0,0,-45296445,STL_0010,2026-06-16T08:33:16,2026-06-16,Settlement payout UTR HDFCN26061600010
ENT_000244,payment,ORD_000212,PAY_000244,upi,431300,0,0,431300,STL_0012,2026-06-16T08:47:17,2026-06-18,
ENT_000601,adjustment,,,,95000,0,0,95000,STL_0010,2026-06-16T09:19:28,2026-06-16,REF 0092841 ADJ
ENT_000245,payment,ORD_000486,PAY_000245,upi,10184400,0,0,10184400,STL_0012,2026-06-16T09:27:48,2026-06-18,
ENT_000547,tds,,,,0,0,0,-27773,STL_0010,2026-06-16T11:24:41,2026-06-16,TDS u/s 194-O on settlement gross
ENT_000246,payment,ORD_000462,PAY_000246,upi,597700,0,0,597700,STL_0012,2026-06-16T13:16:54,2026-06-18,
ENT_000546,rolling_reserve_release,,,,0,0,0,1084493,STL_0010,2026-06-16T14:37:34,2026-06-16,Rolling reserve release
ENT_000247,payment,ORD_000151,PAY_000247,upi,620800,0,0,620800,STL_0012,2026-06-16T15:53:58,2026-06-18,
ENT_000548,rolling_reserve_hold,,,,0,0,0,-1414760,STL_0010,2026-06-16T18:23:37,2026-06-16,Rolling reserve hold
ENT_000248,payment,ORD_000024,PAY_000248,upi,255100,0,0,255100,STL_0012,2026-06-16T21:47:28,2026-06-18,
ENT_000250,payment,ORD_000038,PAY_000250,card,21800,436,78,21286,STL_0012,2026-06-16T23:04:16,2026-06-18,
ENT_000249,payment,ORD_000228,PAY_000249,upi,5462200,0,0,5462200,STL_0012,2026-06-16T23:06:18,2026-06-18,
ENT_000251,payment,ORD_000027,PAY_000251,upi,79100,0,0,79100,STL_0013,2026-06-17T06:49:12,2026-06-19,
ENT_000252,payment,ORD_000235,PAY_000252,upi,34800,0,0,34800,STL_0013,2026-06-17T07:24:38,2026-06-19,
ENT_000253,payment,ORD_000320,PAY_000253,upi,1535300,0,0,1535300,STL_0013,2026-06-17T08:04:15,2026-06-19,
ENT_000255,payment,ORD_000359,PAY_000255,netbanking,1974800,37521,6754,1930525,STL_0013,2026-06-17T10:00:13,2026-06-19,
ENT_000254,payment,ORD_000060,PAY_000254,card,15500,310,56,15134,STL_0013,2026-06-17T10:03:44,2026-06-19,
ENT_000256,payment,ORD_000313,PAY_000256,card,301300,6026,1085,294189,STL_0013,2026-06-17T10:41:12,2026-06-19,
ENT_000257,payment,ORD_000077,PAY_000257,upi,25700,0,0,25700,STL_0013,2026-06-17T15:17:33,2026-06-19,
ENT_000258,payment,ORD_000295,PAY_000258,netbanking,586700,11147,2006,573547,STL_0013,2026-06-17T16:43:11,2026-06-19,
ENT_000259,payment,ORD_000285,PAY_000259,upi,37900,0,0,37900,STL_0013,2026-06-17T16:55:14,2026-06-19,
ENT_000260,payment,ORD_000286,PAY_000260,netbanking,1716000,32604,5869,1677527,STL_0013,2026-06-17T17:14:10,2026-06-19,
ENT_000261,payment,ORD_000237,PAY_000261,card,10200,204,37,9959,STL_0013,2026-06-17T17:19:22,2026-06-19,
ENT_000263,payment,ORD_000288,PAY_000263,upi,13300,0,0,13300,STL_0013,2026-06-17T17:22:43,2026-06-19,
ENT_000262,payment,ORD_000360,PAY_000262,upi,356700,0,0,356700,STL_0013,2026-06-17T17:25:09,2026-06-19,
ENT_000552,rolling_reserve_hold,,,,0,0,0,-928655,STL_0011,2026-06-17T17:31:50,2026-06-17,Rolling reserve hold
ENT_000550,rolling_reserve_release,,,,0,0,0,1348344,STL_0011,2026-06-17T18:58:14,2026-06-17,Rolling reserve release
ENT_000264,payment,ORD_000260,PAY_000264,card,2351400,47028,8465,2295907,STL_0013,2026-06-17T21:05:15,2026-06-19,
ENT_000265,payment,ORD_000239,PAY_000265,card,469800,9396,1691,458713,STL_0013,2026-06-17T21:11:12,2026-06-19,
ENT_000266,payment,ORD_000101,PAY_000266,upi,93100,0,0,93100,STL_0013,2026-06-17T21:36:10,2026-06-19,
ENT_000553,settlement,,,,0,0,0,-17898007,STL_0011,2026-06-17T21:56:38,2026-06-17,Settlement payout UTR HDFCN26061700011
ENT_000551,tds,,,,0,0,0,-17609,STL_0011,2026-06-17T22:25:22,2026-06-17,TDS u/s 194-O on settlement gross
ENT_000267,payment,ORD_000003,PAY_000267,upi,142900,0,0,142900,STL_0013,2026-06-17T23:28:05,2026-06-19,
ENT_000492,refund,ORD_000432,PAY_000054,wallet,157600,0,0,-157600,STL_0014,2026-06-18T06:30:10,2026-06-22,Refund against PAY_000054
ENT_000554,rolling_reserve_release,,,,0,0,0,540673,STL_0012,2026-06-18T06:32:56,2026-06-18,Rolling reserve release
ENT_000268,payment,ORD_000413,PAY_000268,wallet,769900,15398,2772,751730,STL_0014,2026-06-18T08:03:21,2026-06-22,
ENT_000269,payment,ORD_000475,PAY_000269,card,38500,770,139,37591,STL_0014,2026-06-18T09:08:48,2026-06-22,
ENT_000504,refund,ORD_000385,PAY_000079,netbanking,104400,0,0,-104400,STL_0014,2026-06-18T09:48:08,2026-06-22,Refund against PAY_000079
ENT_000555,tds,,,,0,0,0,-17573,STL_0012,2026-06-18T10:28:10,2026-06-18,TDS u/s 194-O on settlement gross
ENT_000270,payment,ORD_000261,PAY_000270,upi,4415200,0,0,4415200,STL_0014,2026-06-18T10:41:48,2026-06-22,
ENT_000271,payment,ORD_000133,PAY_000271,netbanking,4130800,78485,14127,4038188,STL_0014,2026-06-18T10:56:40,2026-06-22,
ENT_000272,payment,ORD_000496,PAY_000272,card,2263000,45260,8147,2209593,STL_0014,2026-06-18T11:26:22,2026-06-22,
ENT_000273,payment,ORD_000259,PAY_000273,wallet,5464900,109298,19674,5335928,STL_0014,2026-06-18T12:01:42,2026-06-22,
ENT_000556,rolling_reserve_hold,,,,0,0,0,-902588,STL_0012,2026-06-18T13:04:32,2026-06-18,Rolling reserve hold
ENT_000275,payment,ORD_000335,PAY_000275,upi,69100,0,0,69100,STL_0014,2026-06-18T13:54:09,2026-06-22,
ENT_000274,payment,ORD_000398,PAY_000274,upi,104500,0,0,104500,STL_0014,2026-06-18T13:56:48,2026-06-22,
ENT_000557,settlement,,,,0,0,0,-17149176,STL_0012,2026-06-18T14:13:09,2026-06-18,Settlement payout UTR HDFCN26061800012
ENT_000276,payment,ORD_000324,PAY_000276,upi,474300,0,0,474300,STL_0014,2026-06-18T14:55:18,2026-06-22,
ENT_000277,payment,ORD_000022,PAY_000277,netbanking,4725200,89779,16160,4619261,STL_0014,2026-06-18T16:45:53,2026-06-22,
ENT_000278,payment,ORD_000015,PAY_000278,upi,129400,0,0,129400,STL_0014,2026-06-18T18:37:14,2026-06-22,
ENT_000279,payment,ORD_000392,PAY_000279,card,86500,1730,311,84459,STL_0014,2026-06-18T18:37:25,2026-06-22,
ENT_000478,refund,ORD_000324,PAY_000276,upi,474300,0,0,-474300,STL_0014,2026-06-18T21:24:07,2026-06-22,Refund against PAY_000276
ENT_000280,payment,ORD_000358,PAY_000280,card,66100,1322,238,64540,STL_0014,2026-06-18T23:19:58,2026-06-22,
ENT_000281,payment,ORD_000018,PAY_000281,netbanking,243800,4632,834,238334,STL_0014,2026-06-18T23:49:23,2026-06-22,
ENT_000282,payment,ORD_000467,PAY_000282,upi,473000,0,0,473000,STL_0014,2026-06-19T08:40:17,2026-06-22,
ENT_000283,payment,ORD_000422,PAY_000283,card,102400,2048,369,99983,STL_0014,2026-06-19T08:44:04,2026-06-22,
ENT_000284,payment,ORD_000412,PAY_000284,upi,242700,0,0,242700,STL_0014,2026-06-19T09:25:37,2026-06-22,
ENT_000561,settlement,,,,0,0,0,-10223812,STL_0013,2026-06-19T09:30:43,2026-06-19,Settlement payout UTR HDFCN26061900013
ENT_000559,tds,,,,0,0,0,-9745,STL_0013,2026-06-19T09:42:14,2026-06-19,TDS u/s 194-O on settlement gross
ENT_000285,payment,ORD_000438,PAY_000285,wallet,14244500,284890,51280,13908330,STL_0014,2026-06-19T10:20:11,2026-06-22,
ENT_000558,rolling_reserve_release,,,,0,0,0,1197351,STL_0013,2026-06-19T11:10:23,2026-06-19,Rolling reserve release
ENT_000286,payment,ORD_000211,PAY_000286,netbanking,126900,2411,434,124055,STL_0014,2026-06-19T12:22:33,2026-06-22,
ENT_000287,payment,ORD_000448,PAY_000287,upi,99400,0,0,99400,STL_0014,2026-06-19T13:09:25,2026-06-22,
ENT_000288,payment,ORD_000315,PAY_000288,upi,83500,0,0,83500,STL_0014,2026-06-19T13:10:52,2026-06-22,
ENT_000289,payment,ORD_000377,PAY_000289,upi,64900,0,0,64900,STL_0014,2026-06-19T15:25:38,2026-06-22,
ENT_000290,payment,ORD_000099,PAY_000290,upi,111100,0,0,111100,STL_0014,2026-06-19T16:18:25,2026-06-22,
ENT_000291,payment,ORD_000042,PAY_000291,card,2138600,42772,7699,2088129,STL_0014,2026-06-19T16:23:45,2026-06-22,
ENT_000292,payment,ORD_000207,PAY_000292,netbanking,612400,11636,2094,598670,STL_0014,2026-06-19T17:07:04,2026-06-22,
ENT_000293,payment,ORD_000299,PAY_000293,netbanking,3385600,64358,11579,3309663,STL_0014,2026-06-19T17:53:01,2026-06-22,
ENT_000294,payment,ORD_000200,PAY_000294,upi,33400,0,0,33400,STL_0014,2026-06-19T18:13:32,2026-06-22,
ENT_000296,payment,ORD_000226,PAY_000296,upi,787400,0,0,787400,STL_0014,2026-06-19T18:39:59,2026-06-22,
ENT_000295,payment,ORD_000282,PAY_000295,card,210200,4204,757,205239,STL_0014,2026-06-19T18:47:12,2026-06-22,
ENT_000297,payment,ORD_000312,PAY_000297,wallet,140700,2814,507,137379,STL_0014,2026-06-19T19:01:01,2026-06-22,
ENT_000298,payment,ORD_000184,PAY_000298,netbanking,34900,663,119,34118,STL_0014,2026-06-19T19:34:49,2026-06-22,
ENT_000560,rolling_reserve_hold,,,,0,0,0,-538095,STL_0013,2026-06-19T19:51:21,2026-06-19,Rolling reserve hold
ENT_000299,payment,ORD_000338,PAY_000299,upi,499900,0,0,499900,STL_0014,2026-06-19T23:41:48,2026-06-22,
ENT_000483,refund,ORD_000116,PAY_000108,upi,521900,0,0,-521900,STL_0014,2026-06-20T07:21:54,2026-06-22,Refund against PAY_000108
ENT_000300,payment,ORD_000269,PAY_000300,upi,125300,0,0,125300,STL_0014,2026-06-20T07:59:22,2026-06-22,
ENT_000301,payment,ORD_000404,PAY_000301,card,4667700,93354,16804,4557542,STL_0014,2026-06-20T08:55:08,2026-06-22,
ENT_000302,payment,ORD_000248,PAY_000302,netbanking,413100,7849,1413,403838,STL_0014,2026-06-20T09:18:04,2026-06-22,
ENT_000303,payment,ORD_000437,PAY_000303,wallet,30400,608,109,29683,STL_0014,2026-06-20T10:50:40,2026-06-22,
ENT_000304,payment,ORD_000090,PAY_000304,card,243700,4874,877,237949,STL_0014,2026-06-20T12:38:23,2026-06-22,
ENT_000305,payment,ORD_000417,PAY_000305,upi,792900,0,0,792900,STL_0014,2026-06-20T12:59:34,2026-06-22,
ENT_000306,payment,ORD_000492,PAY_000306,upi,46200,0,0,46200,STL_0014,2026-06-20T16:04:25,2026-06-22,
ENT_000307,payment,ORD_000403,PAY_000307,upi,435000,0,0,435000,STL_0014,2026-06-20T18:00:10,2026-06-22,
ENT_000308,payment,ORD_000382,PAY_000308,upi,295500,0,0,295500,STL_0014,2026-06-20T18:32:12,2026-06-22,
ENT_000309,payment,ORD_000388,PAY_000309,card,716600,14332,2580,699688,STL_0014,2026-06-20T19:47:03,2026-06-22,
ENT_000310,payment,ORD_000357,PAY_000310,card,5120600,102412,18434,4999754,STL_0014,2026-06-20T21:10:58,2026-06-22,
ENT_000311,payment,ORD_000044,PAY_000311,upi,53500,0,0,53500,STL_0014,2026-06-20T22:27:53,2026-06-22,
ENT_000313,payment,ORD_000483,PAY_000313,card,121200,2424,436,118340,STL_0015,2026-06-21T06:37:07,2026-06-23,
ENT_000314,payment,ORD_000399,PAY_000314,card,474000,9500,1706,462794,STL_0015,2026-06-21T06:55:22,2026-06-23,
ENT_000598,payment,ORD_TEST_81681,PAY_000484,netbanking,370800,7045,1268,362487,STL_0015,2026-06-21T07:59:52,2026-06-23,
ENT_000315,payment,ORD_000001,PAY_000315,card,38400,728,138,37534,STL_0015,2026-06-21T09:48:21,2026-06-23,
ENT_000316,payment,ORD_000205,PAY_000316,card,62300,1246,224,60830,STL_0015,2026-06-21T12:23:17,2026-06-23,
ENT_000317,payment,ORD_000150,PAY_000317,card,397400,7948,1431,388021,STL_0015,2026-06-21T12:31:48,2026-06-23,
ENT_000490,refund,ORD_000273,PAY_000218,card,39300,0,0,-39300,STL_0015,2026-06-21T12:57:17,2026-06-23,Refund against PAY_000218
ENT_000318,payment,ORD_000317,PAY_000318,upi,55100,0,0,55100,STL_0015,2026-06-21T13:22:56,2026-06-23,
ENT_000319,payment,ORD_000397,PAY_000319,card,5652800,113056,20350,5519394,STL_0015,2026-06-21T13:43:58,2026-06-23,
ENT_000320,payment,ORD_000301,PAY_000320,upi,120200,0,0,120200,STL_0015,2026-06-21T15:10:53,2026-06-23,
ENT_000321,payment,ORD_000439,PAY_000321,wallet,740700,14814,2667,723219,STL_0015,2026-06-21T15:58:41,2026-06-23,
ENT_000323,payment,ORD_000191,PAY_000323,card,326200,6527,1174,318499,STL_0015,2026-06-21T18:29:38,2026-06-23,
ENT_000322,payment,ORD_000215,PAY_000322,netbanking,148800,2827,509,145464,STL_0015,2026-06-21T18:33:08,2026-06-23,
ENT_000326,payment,ORD_000236,PAY_000326,wallet,112200,2244,404,109552,STL_0015,2026-06-21T23:02:51,2026-06-23,
ENT_000325,payment,ORD_000130,PAY_000325,upi,404500,0,0,404500,STL_0015,2026-06-21T23:06:33,2026-06-23,
ENT_000565,settlement,,,,0,0,0,-58670544,STL_0014,2026-06-22T07:08:36,2026-06-22,Settlement payout UTR HDFCN26062200014
ENT_000327,payment,ORD_000185,PAY_000327,card,5525500,110510,19892,5395098,STL_0016,2026-06-22T07:28:21,2026-06-24,
ENT_000328,payment,ORD_000182,PAY_000328,card,538500,10770,1939,525791,STL_0016,2026-06-22T08:13:05,2026-06-24,
ENT_000329,payment,ORD_000303,PAY_000329,netbanking,463600,8808,1585,453207,STL_0016,2026-06-22T09:28:01,2026-06-24,
ENT_000330,payment,ORD_000084,PAY_000330,upi,532800,0,0,532800,STL_0016,2026-06-22T10:53:34,2026-06-24,
ENT_000563,tds,,,,0,0,0,-59313,STL_0014,2026-06-22T11:41:53,2026-06-22,TDS u/s 194-O on settlement gross
ENT_000331,payment,ORD_000249,PAY_000331,card,499000,9980,1796,487224,STL_0016,2026-06-22T11:46:18,2026-06-24,
ENT_000332,payment,ORD_000480,PAY_000332,netbanking,48200,916,165,47119,STL_0016,2026-06-22T14:25:25,2026-06-24,
ENT_000333,payment,ORD_000390,PAY_000333,upi,186200,0,0,186200,STL_0016,2026-06-22T18:57:10,2026-06-24,
ENT_000564,rolling_reserve_hold,,,,0,0,0,-3087923,STL_0014,2026-06-22T19:01:15,2026-06-22,Rolling reserve hold
ENT_000334,payment,ORD_000219,PAY_000334,card,147200,2944,530,143726,STL_0016,2026-06-22T19:33:01,2026-06-24,
ENT_000335,payment,ORD_000474,PAY_000335,upi,92700,0,0,92700,STL_0016,2026-06-22T20:43:09,2026-06-24,
ENT_000337,payment,ORD_000296,PAY_000337,upi,2532500,0,0,2532500,STL_0016,2026-06-22T21:14:08,2026-06-24,
ENT_000336,payment,ORD_000393,PAY_000336,upi,14900,0,0,14900,STL_0016,2026-06-22T21:16:00,2026-06-24,
ENT_000562,rolling_reserve_release,,,,0,0,0,4926104,STL_0014,2026-06-22T21:30:13,2026-06-22,Rolling reserve release
ENT_000338,payment,ORD_000264,PAY_000338,netbanking,5913500,112357,20224,5780919,STL_0016,2026-06-22T23:51:30,2026-06-24,
ENT_000339,payment,ORD_000396,PAY_000339,card,33400,668,120,32612,STL_0017,2026-06-23T07:03:21,2026-06-26,
ENT_000485,refund,ORD_000191,PAY_000323,card,326200,0,0,-326200,STL_0017,2026-06-23T07:31:02,2026-06-26,Refund against PAY_000323
ENT_000340,payment,ORD_000419,PAY_000340,card,115200,2304,415,112481,STL_0017,2026-06-23T09:20:18,2026-06-26,
ENT_000568,rolling_reserve_hold,,,,0,0,0,-494486,STL_0015,2026-06-23T10:03:10,2026-06-23,Rolling reserve hold
ENT_000341,payment,ORD_000489,PAY_000341,card,81900,1638,295,79967,STL_0017,2026-06-23T10:42:21,2026-06-26,
ENT_000566,rolling_reserve_release,,,,0,0,0,1414760,STL_0015,2026-06-23T11:08:40,2026-06-23,Rolling reserve release
ENT_000343,payment,ORD_000304,PAY_000343,netbanking,122600,2329,419,119852,STL_0017,2026-06-23T11:41:25,2026-06-26,
ENT_000344,payment,ORD_000302,PAY_000344,upi,630700,0,0,630700,STL_0017,2026-06-23T13:24:56,2026-06-26,
ENT_000345,payment,ORD_000298,PAY_000345,netbanking,609100,11573,2083,595444,STL_0017,2026-06-23T14:28:41,2026-06-26,
ENT_000569,settlement,,,,0,0,0,-9698177,STL_0015,2026-06-23T14:59:11,2026-06-23,Settlement payout UTR HDFCN26062300015
ENT_000346,payment,ORD_000407,PAY_000346,card,551100,11022,1984,538094,STL_0017,2026-06-23T15:19:43,2026-06-26,
ENT_000347,payment,ORD_000494,PAY_000347,upi,425700,0,0,425700,STL_0017,2026-06-23T15:28:11,2026-06-26,
ENT_000348,payment,ORD_000218,PAY_000348,upi,677100,0,0,677100,STL_0017,2026-06-23T17:05:25,2026-06-26,
ENT_000349,payment,ORD_000026,PAY_000349,card,147400,2948,531,143921,STL_0017,2026-06-23T17:29:19,2026-06-26,
ENT_000506,chargeback,ORD_000217,PAY_000066,upi,24310200,150000,27000,-24487200,STL_0017,2026-06-23T18:21:53,2026-06-26,Chargeback raised on PAY_000066
ENT_000350,payment,ORD_000247,PAY_000350,upi,26800,0,0,26800,STL_0017,2026-06-23T19:19:56,2026-06-26,
ENT_000351,payment,ORD_000180,PAY_000351,card,326100,6522,1174,318404,STL_0017,2026-06-23T19:42:55,2026-06-26,
ENT_000352,payment,ORD_000132,PAY_000352,upi,108700,0,0,108700,STL_0017,2026-06-23T21:24:43,2026-06-26,
ENT_000567,tds,,,,0,0,0,-8714,STL_0015,2026-06-23T22:02:57,2026-06-23,TDS u/s 194-O on settlement gross
ENT_000353,payment,ORD_000484,PAY_000353,upi,3054600,0,0,3054600,STL_0017,2026-06-23T22:22:32,2026-06-26,
ENT_000354,payment,ORD_000010,PAY_000354,upi,290100,0,0,290100,STL_0017,2026-06-23T23:49:23,2026-06-26,
ENT_000355,payment,ORD_000176,PAY_000355,card,141600,2832,510,138258,STL_0017,2026-06-24T06:17:51,2026-06-26,
ENT_000356,payment,ORD_000450,PAY_000356,card,38000,760,137,37103,STL_0017,2026-06-24T06:23:09,2026-06-26,
ENT_000571,tds,,,,0,0,0,-16224,STL_0016,2026-06-24T06:56:46,2026-06-24,TDS u/s 194-O on settlement gross
ENT_000357,payment,ORD_000325,PAY_000357,upi,80400,0,0,80400,STL_0017,2026-06-24T08:38:43,2026-06-26,
ENT_000358,payment,ORD_000216,PAY_000358,card,2984700,59694,10745,2914261,STL_0017,2026-06-24T08:41:14,2026-06-26,
ENT_000359,payment,ORD_000138,PAY_000359,upi,145800,0,0,145800,STL_0017,2026-06-24T10:45:54,2026-06-26,
ENT_000360,payment,ORD_000346,PAY_000360,upi,5358800,0,0,5358800,STL_0017,2026-06-24T12:34:06,2026-06-26,
ENT_000361,payment,ORD_000076,PAY_000361,netbanking,60500,1150,207,59143,STL_0017,2026-06-24T14:53:24,2026-06-26,
ENT_000592,payment,ORD_000076,PAY_000478,netbanking,60500,1150,207,59143,STL_0017,2026-06-24T14:55:18,2026-06-26,
ENT_000572,rolling_reserve_hold,,,,0,0,0,-842004,STL_0016,2026-06-24T15:05:13,2026-06-24,Rolling reserve hold
ENT_000362,payment,ORD_000106,PAY_000362,card,19753000,395060,71111,19286829,STL_0017,2026-06-24T15:09:03,2026-06-26,
ENT_000365,payment,ORD_000383,PAY_000365,card,12355000,247100,44478,12063422,STL_0017,2026-06-24T16:26:43,2026-06-26,
ENT_000364,payment,ORD_000336,PAY_000364,wallet,700900,14018,2523,684359,STL_0017,2026-06-24T16:29:56,2026-06-26,
ENT_000366,payment,ORD_000294,PAY_000366,netbanking,609400,11579,2084,595737,STL_0017,2026-06-24T16:50:31,2026-06-26,
ENT_000367,payment,ORD_000311,PAY_000367,upi,161500,0,0,161500,STL_0017,2026-06-24T17:00:41,2026-06-26,
ENT_000368,payment,ORD_000159,PAY_000368,wallet,20609600,412192,74195,20123213,STL_0017,2026-06-24T17:08:27,2026-06-26,
ENT_000369,payment,ORD_000153,PAY_000369,wallet,338500,6770,1219,330511,STL_0017,2026-06-24T17:15:04,2026-06-26,
ENT_000370,payment,ORD_000497,PAY_000370,card,10200,204,37,9959,STL_0017,2026-06-24T18:55:58,2026-06-26,
ENT_000573,settlement,,,,0,0,0,-15998077,STL_0016,2026-06-24T20:38:30,2026-06-24,Settlement payout UTR HDFCN26062400016
ENT_000371,payment,ORD_000353,PAY_000371,card,121800,2436,438,118926,STL_0017,2026-06-24T21:19:41,2026-06-26,
ENT_000570,rolling_reserve_release,,,,0,0,0,928655,STL_0016,2026-06-24T22:25:38,2026-06-24,Rolling reserve release
ENT_000499,refund,ORD_000480,PAY_000332,netbanking,48200,0,0,-48200,STL_0017,2026-06-24T22:27:44,2026-06-26,Refund against PAY_000332
ENT_000503,refund,ORD_000132,PAY_000352,upi,108700,0,0,-108700,STL_0018,2026-06-25T06:32:21,2026-06-29,Refund against PAY_000352
ENT_000372,payment,ORD_000368,PAY_000372,netbanking,433300,8233,1482,423585,STL_0018,2026-06-25T07:15:01,2026-06-29,
ENT_000373,payment,ORD_000263,PAY_000373,wallet,74800,1496,269,73035,STL_0018,2026-06-25T08:42:08,2026-06-29,
ENT_000374,payment,ORD_000435,PAY_000374,wallet,704700,14094,2537,688069,STL_0018,2026-06-25T10:07:54,2026-06-29,
ENT_000375,payment,ORD_000283,PAY_000375,card,247300,4946,890,241464,STL_0018,2026-06-25T10:09:42,2026-06-29,
ENT_000376,payment,ORD_000401,PAY_000376,card,589800,11796,2123,575881,STL_0018,2026-06-25T11:25:51,2026-06-29,
ENT_000377,payment,ORD_000444,PAY_000377,upi,63500,0,0,63500,STL_0018,2026-06-25T12:14:32,2026-06-29,
ENT_000378,payment,ORD_000431,PAY_000378,card,150800,3016,543,147241,STL_0018,2026-06-25T12:35:53,2026-06-29,
ENT_000379,payment,ORD_000071,PAY_000379,card,4572700,91454,16462,4464784,STL_0018,2026-06-25T12:52:37,2026-06-29,
ENT_000380,payment,ORD_000089,PAY_000380,upi,352500,0,0,352500,STL_0018,2026-06-25T13:03:44,2026-06-29,
ENT_000381,payment,ORD_000464,PAY_000381,wallet,118400,2368,426,115606,STL_0018,2026-06-25T13:39:51,2026-06-29,
ENT_000382,payment,ORD_000175,PAY_000382,upi,113000,0,0,113000,STL_0018,2026-06-25T13:46:09,2026-06-29,
ENT_000383,payment,ORD_000123,PAY_000383,wallet,512200,10244,1844,500112,STL_0018,2026-06-25T14:16:58,2026-06-29,
ENT_000384,payment,ORD_000081,PAY_000384,upi,81900,0,0,81900,STL_0018,2026-06-25T15:51:00,2026-06-29,
ENT_000498,refund,ORD_000406,PAY_000223,upi,47900,0,0,-47900,STL_0018,2026-06-25T16:27:07,2026-06-29,Refund against PAY_000223
ENT_000385,payment,ORD_000245,PAY_000385,upi,19600,0,0,19600,STL_0018,2026-06-25T16:27:43,2026-06-29,
ENT_000386,payment,ORD_000416,PAY_000386,card,4653000,93060,16751,4543189,STL_0018,2026-06-25T18:08:51,2026-06-29,
ENT_000387,payment,ORD_000197,PAY_000387,card,111700,2234,402,109064,STL_0018,2026-06-25T19:25:51,2026-06-29,
ENT_000388,payment,ORD_000019,PAY_000388,card,42200,844,152,41204,STL_0018,2026-06-25T20:06:27,2026-06-29,
ENT_000389,payment,ORD_000327,PAY_000389,card,88200,1764,318,86118,STL_0018,2026-06-25T21:05:44,2026-06-29,
ENT_000574,rolling_reserve_release,,,,0,0,0,902588,STL_0017,2026-06-25T21:10:14,2026-06-26,Rolling reserve release
ENT_000509,chargeback,ORD_000070,PAY_000121,wallet,60000,150000,27000,-237000,STL_0018,2026-06-25T21:52:15,2026-06-29,Chargeback raised on PAY_000121
ENT_000390,payment,ORD_000127,PAY_000390,card,807500,16150,2907,788443,STL_0018,2026-06-25T23:33:11,2026-06-29,
ENT_000391,payment,ORD_000243,PAY_000391,upi,51100,0,0,51100,STL_0018,2026-06-26T08:02:43,2026-06-29,
ENT_000392,payment,ORD_000319,PAY_000392,upi,707300,0,0,707300,STL_0018,2026-06-26T08:39:41,2026-06-29,
ENT_000393,payment,ORD_000141,PAY_000393,wallet,475600,9512,1712,464376,STL_0018,2026-06-26T08:56:56,2026-06-29,
ENT_000394,payment,ORD_000111,PAY_000394,wallet,60700,1214,219,59267,STL_0018,2026-06-26T09:47:13,2026-06-29,
ENT_000395,payment,ORD_000389,PAY_000395,wallet,219600,4392,791,214417,STL_0018,2026-06-26T09:52:37,2026-06-29,
ENT_000396,payment,ORD_000420,PAY_000396,card,23193900,463878,83498,22646524,STL_0018,2026-06-26T10:57:05,2026-06-29,
ENT_000576,tds,,,,0,0,0,-71562,STL_0017,2026-06-26T11:39:42,2026-06-26,TDS u/s 194-O on settlement gross
ENT_000397,payment,ORD_000225,PAY_000397,card,105900,2118,381,103401,STL_0018,2026-06-26T12:36:10,2026-06-29,
ENT_000398,payment,ORD_000170,PAY_000398,upi,4432000,0,0,4432000,STL_0018,2026-06-26T12:43:33,2026-06-29,
ENT_000399,payment,ORD_000057,PAY_000399,card,3884700,77694,13985,3793021,STL_0018,2026-06-26T13:23:08,2026-06-29,
ENT_000400,payment,ORD_000308,PAY_000400,card,860700,17214,3099,840387,STL_0018,2026-06-26T15:48:21,2026-06-29,
ENT_000401,payment,ORD_000246,PAY_000401,card,466700,9334,1680,455686,STL_0018,2026-06-26T16:23:21,2026-06-29,
ENT_000481,refund,ORD_000439,PAY_000321,wallet,740700,0,0,-740700,STL_0018,2026-06-26T16:35:34,2026-06-29,Refund against PAY_000321
ENT_000578,settlement,,,,0,0,0,-43497142,STL_0017,2026-06-26T16:59:29,2026-06-26,Settlement payout UTR HDFCN26062600017
ENT_000402,payment,ORD_000062,PAY_000402,card,9031500,180630,32513,8818357,STL_0018,2026-06-26T19:12:17,2026-06-29,
ENT_000575,rolling_reserve_release,,,,0,0,0,538095,STL_0017,2026-06-26T19:38:09,2026-06-26,Rolling reserve release
ENT_000403,payment,ORD_000017,PAY_000403,card,88000,1721,317,85962,STL_0018,2026-06-26T20:48:03,2026-06-29,
ENT_000404,payment,ORD_000425,PAY_000404,upi,11553500,0,0,11553500,STL_0018,2026-06-26T21:17:53,2026-06-29,
ENT_000577,rolling_reserve_hold,,,,0,0,0,-2332218,STL_0017,2026-06-26T22:16:10,2026-06-26,Rolling reserve hold
ENT_000405,payment,ORD_000391,PAY_000405,card,55300,1106,199,53995,STL_0018,2026-06-26T22:48:18,2026-06-29,
ENT_000593,payment,ORD_000391,PAY_000479,card,55300,1106,199,53995,STL_0018,2026-06-26T22:49:32,2026-06-29,
ENT_000406,payment,ORD_000037,PAY_000406,upi,748400,0,0,748400,STL_0018,2026-06-26T23:43:59,2026-06-29,
ENT_000407,payment,ORD_000171,PAY_000407,card,796000,15920,2866,777214,STL_0018,2026-06-27T06:21:38,2026-06-29,
ENT_000408,payment,ORD_000166,PAY_000408,upi,2633300,0,0,2633300,STL_0018,2026-06-27T07:58:07,2026-06-29,
ENT_000409,payment,ORD_000433,PAY_000409,upi,541300,0,0,541300,STL_0018,2026-06-27T08:19:37,2026-06-29,
ENT_000410,payment,ORD_000280,PAY_000410,card,11500,230,41,11229,STL_0018,2026-06-27T09:29:57,2026-06-29,
ENT_000411,payment,ORD_000222,PAY_000411,netbanking,78800,1497,269,77034,STL_0018,2026-06-27T10:50:31,2026-06-29,
ENT_000412,payment,ORD_000384,PAY_000412,netbanking,125300,2381,429,122490,STL_0018,2026-06-27T12:41:22,2026-06-29,
ENT_000413,payment,ORD_000047,PAY_000413,card,1680000,33600,6048,1640352,STL_0018,2026-06-27T14:08:49,2026-06-29,
ENT_000414,payment,ORD_000126,PAY_000414,upi,407600,0,0,407600,STL_0018,2026-06-27T14:28:10,2026-06-29,
ENT_000415,payment,ORD_000122,PAY_000415,upi,5811900,0,0,5811900,STL_0018,2026-06-27T14:47:53,2026-06-29,
ENT_000416,payment,ORD_000488,PAY_000416,card,131200,2624,472,128104,STL_0018,2026-06-27T16:55:56,2026-06-29,
ENT_000417,payment,ORD_000476,PAY_000417,card,91900,1838,331,89731,STL_0018,2026-06-27T17:53:34,2026-06-29,
ENT_000418,payment,ORD_000362,PAY_000418,upi,87500,0,0,87500,STL_0018,2026-06-27T18:44:33,2026-06-29,
ENT_000419,payment,ORD_000233,PAY_000419,netbanking,534200,10150,1827,522223,STL_0018,2026-06-27T20:52:57,2026-06-29,
ENT_000421,payment,ORD_000490,PAY_000421,card,293800,5876,1058,286866,STL_0018,2026-06-27T21:08:55,2026-06-29,
ENT_000420,payment,ORD_000161,PAY_000420,card,57700,1154,208,56338,STL_0018,2026-06-27T21:13:48,2026-06-29,
ENT_000422,payment,ORD_000426,PAY_000422,upi,613700,0,0,613700,STL_0018,2026-06-27T22:04:08,2026-06-29,
ENT_000423,payment,ORD_000046,PAY_000423,wallet,685700,13714,2469,669517,STL_0018,2026-06-27T22:06:22,2026-06-29,
ENT_000479,refund,ORD_000398,PAY_000274,upi,55892,0,0,-55892,STL_0018,2026-06-27T22:14:05,2026-06-29,Refund against PAY_000274
ENT_000424,payment,ORD_000110,PAY_000424,wallet,25000,500,90,24410,STL_0019,2026-06-28T07:10:24,2026-06-30,
ENT_000425,payment,ORD_000307,PAY_000425,upi,45900,0,0,45900,STL_0019,2026-06-28T07:58:02,2026-06-30,
ENT_000494,refund,ORD_000307,PAY_000425,upi,13073,0,0,-13073,STL_0019,2026-06-28T08:09:01,2026-06-30,Refund against PAY_000425
ENT_000426,payment,ORD_000202,PAY_000426,upi,579200,0,0,579200,STL_0019,2026-06-28T08:39:34,2026-06-30,
ENT_000427,payment,ORD_000177,PAY_000427,netbanking,513300,9753,1756,501791,STL_0019,2026-06-28T09:04:58,2026-06-30,
ENT_000428,payment,ORD_000345,PAY_000428,netbanking,900400,17108,3079,880213,STL_0019,2026-06-28T13:10:20,2026-06-30,
ENT_000429,payment,ORD_000252,PAY_000429,card,23600,472,85,23043,STL_0019,2026-06-28T14:01:04,2026-06-30,
ENT_000430,payment,ORD_000199,PAY_000430,upi,25800,0,0,25800,STL_0019,2026-06-28T16:46:49,2026-06-30,
ENT_000431,payment,ORD_000473,PAY_000431,card,441400,8828,1589,430983,STL_0019,2026-06-28T18:42:40,2026-06-30,
ENT_000432,payment,ORD_000366,PAY_000432,upi,766200,0,0,766200,STL_0019,2026-06-28T19:11:46,2026-06-30,
ENT_000433,payment,ORD_000460,PAY_000433,wallet,123100,2462,443,120195,STL_0019,2026-06-28T20:05:44,2026-06-30,
ENT_000434,payment,ORD_000142,PAY_000434,upi,74700,0,0,74700,STL_0019,2026-06-28T22:07:33,2026-06-30,
ENT_000435,payment,ORD_000329,PAY_000435,upi,16303700,0,0,16303700,STL_0019,2026-06-28T22:12:03,2026-06-30,
ENT_000436,payment,ORD_000188,PAY_000436,card,676400,13528,2435,660437,STL_0019,2026-06-28T23:04:00,2026-06-30,
ENT_000437,payment,ORD_000082,PAY_000437,upi,751800,0,0,751800,STL_0019,2026-06-28T23:59:16,2026-06-30,
ENT_000500,refund,ORD_000233,PAY_000419,netbanking,187849,0,0,-187849,STL_0020,2026-06-29T03:29:07,2026-07-01,Refund against PAY_000419
ENT_000438,payment,ORD_000455,PAY_000438,upi,114100,0,0,114100,STL_0020,2026-06-29T06:07:44,2026-07-01,
ENT_000581,rolling_reserve_hold,,,,0,0,0,-4237291,STL_0018,2026-06-29T06:12:33,2026-06-29,Rolling reserve hold
ENT_000439,payment,ORD_000083,PAY_000439,upi,109300,0,0,109300,STL_0020,2026-06-29T06:34:39,2026-07-01,
ENT_000440,payment,ORD_000281,PAY_000440,netbanking,449700,8544,1538,439618,STL_0020,2026-06-29T07:25:28,2026-07-01,
ENT_000441,payment,ORD_000354,PAY_000441,upi,4233700,0,0,4233700,STL_0020,2026-06-29T08:06:20,2026-07-01,
ENT_000442,payment,ORD_000002,PAY_000442,wallet,16000,320,58,15622,STL_0020,2026-06-29T08:14:14,2026-07-01,
ENT_000579,rolling_reserve_release,,,,0,0,0,3087923,STL_0018,2026-06-29T08:14:24,2026-06-29,Rolling reserve release
ENT_000443,payment,ORD_000041,PAY_000443,upi,657300,0,0,657300,STL_0020,2026-06-29T08:32:32,2026-07-01,
ENT_000444,payment,ORD_000162,PAY_000444,card,2250700,45014,8103,2197583,STL_0020,2026-06-29T08:54:24,2026-07-01,
ENT_000445,payment,ORD_000478,PAY_000445,wallet,77800,1556,280,75964,STL_0020,2026-06-29T09:13:19,2026-07-01,
ENT_000446,payment,ORD_000310,PAY_000446,netbanking,307900,5850,1053,300997,STL_0020,2026-06-29T09:26:38,2026-07-01,
ENT_000447,payment,ORD_000020,PAY_000447,card,565800,11303,2037,552460,STL_0020,2026-06-29T10:05:46,2026-07-01,
ENT_000448,payment,ORD_000482,PAY_000448,card,88300,1766,318,86216,STL_0020,2026-06-29T10:27:46,2026-07-01,
ENT_000449,payment,ORD_000400,PAY_000449,netbanking,10800,205,37,10558,STL_0020,2026-06-29T12:19:02,2026-07-01,
ENT_000450,payment,ORD_000337,PAY_000450,card,71400,1428,257,69715,STL_0020,2026-06-29T14:07:03,2026-07-01,
ENT_000451,payment,ORD_000096,PAY_000451,card,116700,2334,420,113946,STL_0020,2026-06-29T14:53:36,2026-07-01,
ENT_000452,payment,ORD_000481,PAY_000452,card,351300,7026,1265,343009,STL_0020,2026-06-29T15:38:51,2026-07-01,
ENT_000453,payment,ORD_000321,PAY_000453,card,284700,5694,1025,277981,STL_0020,2026-06-29T17:01:46,2026-07-01,
ENT_000454,payment,ORD_000423,PAY_000454,upi,377900,0,0,377900,STL_0020,2026-06-29T17:33:37,2026-07-01,
ENT_000514,adjustment,,,,806300,0,0,806300,STL_0020,2026-06-29T17:49:19,2026-07-01,"Compensation for delayed settlement, approved by ops"
ENT_000455,payment,ORD_000258,PAY_000455,netbanking,2894400,54994,9899,2829507,STL_0020,2026-06-29T17:56:43,2026-07-01,
ENT_000580,tds,,,,0,0,0,-84253,STL_0018,2026-06-29T18:08:06,2026-06-29,TDS u/s 194-O on settlement gross
ENT_000456,payment,ORD_000332,PAY_000456,upi,145100,0,0,145100,STL_0020,2026-06-29T19:46:18,2026-07-01,
ENT_000457,payment,ORD_000427,PAY_000457,upi,138100,0,0,138100,STL_0020,2026-06-29T20:14:17,2026-07-01,
ENT_000510,adjustment,,,,337000,0,0,337000,STL_0020,2026-06-29T20:21:39,2026-07-01,CR ADJ - see support ticket 4471
ENT_000458,payment,ORD_000466,PAY_000458,card,455100,9102,1638,444360,STL_0020,2026-06-29T20:55:31,2026-07-01,
ENT_000582,settlement,,,,0,0,0,-80562529,STL_0018,2026-06-29T22:43:26,2026-06-29,Settlement payout UTR HDFCN26062900018
ENT_000459,payment,ORD_000052,PAY_000459,wallet,4617500,92350,16623,4508527,STL_0020,2026-06-29T23:23:50,2026-07-01,
ENT_000460,payment,ORD_000234,PAY_000460,card,40500,810,146,39544,STL_0020,2026-06-29T23:58:02,2026-07-01,
ENT_000461,payment,ORD_000463,PAY_000461,upi,670900,0,0,670900,,2026-06-30T06:32:44,,
ENT_000462,payment,ORD_000365,PAY_000462,upi,4493000,0,0,4493000,,2026-06-30T07:16:25,,
ENT_000585,rolling_reserve_hold,,,,0,0,0,-1082427,STL_0019,2026-06-30T07:56:50,2026-06-30,Rolling reserve hold
ENT_000463,payment,ORD_000333,PAY_000463,wallet,23600,472,85,23043,,2026-06-30T09:48:50,,
ENT_000464,payment,ORD_000140,PAY_000464,wallet,143900,2878,518,140504,,2026-06-30T10:08:59,,
ENT_000583,rolling_reserve_release,,,,0,0,0,494486,STL_0019,2026-06-30T10:38:06,2026-06-30,Rolling reserve release
ENT_000584,tds,,,,0,0,0,-21251,STL_0019,2026-06-30T11:30:57,2026-06-30,TDS u/s 194-O on settlement gross
ENT_000465,payment,ORD_000326,PAY_000465,wallet,93600,1872,337,91391,,2026-06-30T12:01:06,,
ENT_000466,payment,ORD_000428,PAY_000466,netbanking,500400,9508,1711,489181,,2026-06-30T12:51:48,,
ENT_000467,payment,ORD_000058,PAY_000467,wallet,2291500,45830,8249,2237421,,2026-06-30T13:03:58,,
ENT_000469,payment,ORD_000314,PAY_000469,card,101300,2026,365,98909,,2026-06-30T14:22:04,,
ENT_000468,payment,ORD_000097,PAY_000468,upi,748800,0,0,748800,,2026-06-30T14:30:27,,
ENT_000470,payment,ORD_000045,PAY_000470,wallet,3221700,64434,11598,3145668,,2026-06-30T15:24:49,,
ENT_000471,payment,ORD_000305,PAY_000471,netbanking,313300,5953,1072,306275,,2026-06-30T15:29:24,,
ENT_000472,payment,ORD_000189,PAY_000472,netbanking,65800,1250,225,64325,,2026-06-30T16:06:17,,
ENT_000473,payment,ORD_000117,PAY_000473,card,312000,6240,1123,304637,,2026-06-30T19:12:57,,
ENT_000474,payment,ORD_000256,PAY_000474,netbanking,726700,13807,2485,710408,,2026-06-30T20:17:16,,
ENT_000475,payment,ORD_000328,PAY_000475,upi,692100,0,0,692100,,2026-06-30T23:10:25,,
ENT_000586,settlement,,,,0,0,0,-20566107,STL_0019,2026-06-30T23:32:48,2026-06-30,Settlement payout UTR HDFCN26063000019
ENT_000476,payment,ORD_000034,PAY_000476,wallet,143400,2868,516,140016,,2026-06-30T23:56:11,,
ENT_000496,refund,ORD_000337,PAY_000450,card,71400,0,0,-71400,,2026-07-01T01:12:39,,Refund against PAY_000450
ENT_000495,refund,ORD_000346,PAY_000360,upi,5358800,0,0,-5358800,,2026-07-01T08:07:31,,Refund against PAY_000360
ENT_000587,rolling_reserve_release,,,,0,0,0,842004,STL_0020,2026-07-01T09:05:30,2026-07-01,Rolling reserve release
ENT_000588,tds,,,,0,0,0,-18374,STL_0020,2026-07-01T10:57:38,2026-07-01,TDS u/s 194-O on settlement gross
ENT_000477,refund,ORD_000420,PAY_000396,card,23193900,0,0,-23193900,,2026-07-01T12:19:50,,Refund against PAY_000396
ENT_000590,settlement,,,,0,0,0,-18867166,STL_0020,2026-07-01T19:33:26,2026-07-01,Settlement payout UTR HDFCN26070100020
ENT_000589,rolling_reserve_hold,,,,0,0,0,-993009,STL_0020,2026-07-01T23:52:00,2026-07-01,Rolling reserve hold
ENT_000489,refund,ORD_000180,PAY_000351,card,326100,0,0,-326100,,2026-07-02T03:43:13,,Refund against PAY_000351
ENT_000502,refund,ORD_000123,PAY_000383,wallet,512200,0,0,-512200,,2026-07-03T16:56:45,,Refund against PAY_000383
ENT_000484,refund,ORD_000302,PAY_000344,upi,630700,0,0,-630700,,2026-07-05T10:44:12,,Refund against PAY_000344
ENT_000497,refund,ORD_000089,PAY_000380,upi,352500,0,0,-352500,,2026-07-07T01:34:53,,Refund against PAY_000380
ENT_000491,refund,ORD_000345,PAY_000428,netbanking,900400,0,0,-900400,,2026-07-08T18:25:04,,Refund against PAY_000428
ENT_000486,refund,ORD_000225,PAY_000397,card,27924,0,0,-27924,,2026-07-08T23:34:28,,Refund against PAY_000397
ENT_000488,refund,ORD_000041,PAY_000443,upi,657300,0,0,-657300,,2026-07-09T09:39:51,,Refund against PAY_000443
ENT_000507,chargeback,ORD_000302,PAY_000344,upi,630700,150000,27000,-807700,,2026-07-17T13:24:56,,Chargeback raised on PAY_000344
ENT_000508,chargeback,ORD_000393,PAY_000336,upi,14900,150000,27000,-191900,,2026-07-26T21:16:00,,Chargeback raised on PAY_000336
