link_type,order_id,entry_id,settlement_id,line_id
order_entry,ORD_000152,ENT_000001,,
entry_settlement,,ENT_000001,STL_0001,
order_entry,ORD_000085,ENT_000002,,
entry_settlement,,ENT_000002,STL_0001,
order_entry,ORD_000109,ENT_000003,,
entry_settlement,,ENT_000003,STL_0001,
order_entry,ORD_000270,ENT_000004,,
entry_settlement,,ENT_000004,STL_0001,
order_entry,ORD_000350,ENT_000005,,
entry_settlement,,ENT_000005,STL_0001,
order_entry,ORD_000173,ENT_000006,,
entry_settlement,,ENT_000006,STL_0001,
order_entry,ORD_000220,ENT_000007,,
entry_settlement,,ENT_000007,STL_0001,
order_entry,ORD_000440,ENT_000008,,
entry_settlement,,ENT_000008,STL_0001,
order_entry,ORD_000370,ENT_000009,,
entry_settlement,,ENT_000009,STL_0001,
order_entry,ORD_000376,ENT_000010,,
entry_settlement,,ENT_000010,STL_0002,
order_entry,ORD_000491,ENT_000011,,
entry_settlement,,ENT_000011,STL_0002,
order_entry,ORD_000080,ENT_000012,,
entry_settlement,,ENT_000012,STL_0002,
order_entry,ORD_000465,ENT_000013,,
entry_settlement,,ENT_000013,STL_0002,
order_entry,ORD_000121,ENT_000014,,
entry_settlement,,ENT_000014,STL_0002,
order_entry,ORD_000459,ENT_000015,,
entry_settlement,,ENT_000015,STL_0002,
order_entry,ORD_000032,ENT_000016,,
entry_settlement,,ENT_000016,STL_0002,
order_entry,ORD_000008,ENT_000017,,
entry_settlement,,ENT_000017,STL_0002,
order_entry,ORD_000251,ENT_000018,,
entry_settlement,,ENT_000018,STL_0002,
order_entry,ORD_000143,ENT_000019,,
entry_settlement,,ENT_000019,STL_0002,
order_entry,ORD_000276,ENT_000020,,
entry_settlement,,ENT_000020,STL_0002,
order_entry,ORD_000454,ENT_000021,,
entry_settlement,,ENT_000021,STL_0002,
order_entry,ORD_000363,ENT_000022,,
entry_settlement,,ENT_000022,STL_0002,
order_entry,ORD_000468,ENT_000023,,
entry_settlement,,ENT_000023,STL_0002,
order_entry,ORD_000128,ENT_000024,,
entry_settlement,,ENT_000024,STL_0002,
order_entry,ORD_000415,ENT_000025,,
entry_settlement,,ENT_000025,STL_0002,
order_entry,ORD_000479,ENT_000026,,
entry_settlement,,ENT_000026,STL_0002,
order_entry,ORD_000108,ENT_000027,,
entry_settlement,,ENT_000027,STL_0002,
order_entry,ORD_000445,ENT_000028,,
entry_settlement,,ENT_000028,STL_0002,
order_entry,ORD_000230,ENT_000029,,
entry_settlement,,ENT_000029,STL_0003,
order_entry,ORD_000449,ENT_000030,,
entry_settlement,,ENT_000030,STL_0003,
order_entry,ORD_000343,ENT_000031,,
entry_settlement,,ENT_000031,STL_0003,
order_entry,ORD_000064,ENT_000032,,
entry_settlement,,ENT_000032,STL_0003,
order_entry,ORD_000183,ENT_000033,,
entry_settlement,,ENT_000033,STL_0003,
order_entry,ORD_000355,ENT_000034,,
entry_settlement,,ENT_000034,STL_0003,
order_entry,ORD_000013,ENT_000035,,
entry_settlement,,ENT_000035,STL_0003,
order_entry,ORD_000007,ENT_000036,,
entry_settlement,,ENT_000036,STL_0003,
order_entry,ORD_000040,ENT_000037,,
entry_settlement,,ENT_000037,STL_0003,
order_entry,ORD_000434,ENT_000038,,
entry_settlement,,ENT_000038,STL_0003,
order_entry,ORD_000035,ENT_000039,,
entry_settlement,,ENT_000039,STL_0003,
order_entry,ORD_000147,ENT_000040,,
entry_settlement,,ENT_000040,STL_0003,
order_entry,ORD_000289,ENT_000041,,
entry_settlement,,ENT_000041,STL_0004,
order_entry,ORD_000023,ENT_000042,,
entry_settlement,,ENT_000042,STL_0004,
order_entry,ORD_000048,ENT_000044,,
entry_settlement,,ENT_000044,STL_0004,
order_entry,ORD_000275,ENT_000045,,
entry_settlement,,ENT_000045,STL_0004,
order_entry,ORD_000499,ENT_000046,,
entry_settlement,,ENT_000046,STL_0004,
order_entry,ORD_000187,ENT_000047,,
entry_settlement,,ENT_000047,STL_0004,
order_entry,ORD_000452,ENT_000048,,
entry_settlement,,ENT_000048,STL_0004,
order_entry,ORD_000316,ENT_000049,,
entry_settlement,,ENT_000049,STL_0004,
order_entry,ORD_000074,ENT_000050,,
entry_settlement,,ENT_000050,STL_0004,
order_entry,ORD_000204,ENT_000051,,
entry_settlement,,ENT_000051,STL_0004,
order_entry,ORD_000364,ENT_000052,,
entry_settlement,,ENT_000052,STL_0004,
order_entry,ORD_000309,ENT_000053,,
entry_settlement,,ENT_000053,STL_0004,
order_entry,ORD_000432,ENT_000054,,
entry_settlement,,ENT_000054,STL_0004,
order_entry,ORD_000148,ENT_000055,,
entry_settlement,,ENT_000055,STL_0004,
order_entry,ORD_000429,ENT_000056,,
entry_settlement,,ENT_000056,STL_0004,
order_entry,ORD_000005,ENT_000057,,
entry_settlement,,ENT_000057,STL_0004,
order_entry,ORD_000172,ENT_000058,,
entry_settlement,,ENT_000058,STL_0004,
order_entry,ORD_000016,ENT_000059,,
entry_settlement,,ENT_000059,STL_0004,
order_entry,ORD_000470,ENT_000060,,
entry_settlement,,ENT_000060,STL_0004,
order_entry,ORD_000443,ENT_000061,,
entry_settlement,,ENT_000061,STL_0004,
order_entry,ORD_000193,ENT_000062,,
entry_settlement,,ENT_000062,STL_0004,
order_entry,ORD_000086,ENT_000063,,
entry_settlement,,ENT_000063,STL_0004,
order_entry,ORD_000493,ENT_000064,,
entry_settlement,,ENT_000064,STL_0004,
order_entry,ORD_000300,ENT_000065,,
entry_settlement,,ENT_000065,STL_0004,
order_entry,ORD_000217,ENT_000066,,
entry_settlement,,ENT_000066,STL_0004,
order_entry,ORD_000421,ENT_000067,,
entry_settlement,,ENT_000067,STL_0004,
order_entry,ORD_000380,ENT_000068,,
entry_settlement,,ENT_000068,STL_0004,
order_entry,ORD_000223,ENT_000069,,
entry_settlement,,ENT_000069,STL_0004,
order_entry,ORD_000139,ENT_000070,,
entry_settlement,,ENT_000070,STL_0004,
order_entry,ORD_000206,ENT_000071,,
entry_settlement,,ENT_000071,STL_0004,
order_entry,ORD_000318,ENT_000072,,
entry_settlement,,ENT_000072,STL_0004,
order_entry,ORD_000221,ENT_000073,,
entry_settlement,,ENT_000073,STL_0004,
order_entry,ORD_000079,ENT_000074,,
entry_settlement,,ENT_000074,STL_0004,
order_entry,ORD_000341,ENT_000075,,
entry_settlement,,ENT_000075,STL_0004,
order_entry,ORD_000265,ENT_000076,,
entry_settlement,,ENT_000076,STL_0004,
order_entry,ORD_000291,ENT_000077,,
entry_settlement,,ENT_000077,STL_0004,
order_entry,ORD_000277,ENT_000078,,
entry_settlement,,ENT_000078,STL_0004,
order_entry,ORD_000385,ENT_000079,,
entry_settlement,,ENT_000079,STL_0004,
order_entry,ORD_000371,ENT_000080,,
entry_settlement,,ENT_000080,STL_0004,
order_entry,ORD_000495,ENT_000081,,
entry_settlement,,ENT_000081,STL_0004,
order_entry,ORD_000500,ENT_000082,,
entry_settlement,,ENT_000082,STL_0004,
order_entry,ORD_000201,ENT_000083,,
entry_settlement,,ENT_000083,STL_0004,
order_entry,ORD_000092,ENT_000084,,
entry_settlement,,ENT_000084,STL_0004,
order_entry,ORD_000061,ENT_000085,,
entry_settlement,,ENT_000085,STL_0004,
order_entry,ORD_000115,ENT_000086,,
entry_settlement,,ENT_000086,STL_0004,
order_entry,ORD_000011,ENT_000087,,
entry_settlement,,ENT_000087,STL_0004,
order_entry,ORD_000049,ENT_000088,,
entry_settlement,,ENT_000088,STL_0005,
order_entry,ORD_000154,ENT_000089,,
entry_settlement,,ENT_000089,STL_0005,
order_entry,ORD_000093,ENT_000090,,
entry_settlement,,ENT_000090,STL_0005,
order_entry,ORD_000063,ENT_000091,,
entry_settlement,,ENT_000091,STL_0005,
order_entry,ORD_000344,ENT_000092,,
entry_settlement,,ENT_000092,STL_0005,
order_entry,ORD_000059,ENT_000093,,
entry_settlement,,ENT_000093,STL_0005,
order_entry,ORD_000100,ENT_000094,,
entry_settlement,,ENT_000094,STL_0005,
order_entry,ORD_000169,ENT_000095,,
entry_settlement,,ENT_000095,STL_0005,
order_entry,ORD_000167,ENT_000096,,
entry_settlement,,ENT_000096,STL_0005,
order_entry,ORD_000409,ENT_000097,,
entry_settlement,,ENT_000097,STL_0005,
order_entry,ORD_000033,ENT_000098,,
entry_settlement,,ENT_000098,STL_0005,
order_entry,ORD_000461,ENT_000099,,
entry_settlement,,ENT_000099,STL_0005,
order_entry,ORD_000031,ENT_000100,,
entry_settlement,,ENT_000100,STL_0005,
order_entry,ORD_000129,ENT_000101,,
entry_settlement,,ENT_000101,STL_0005,
order_entry,ORD_000030,ENT_000102,,
entry_settlement,,ENT_000102,STL_0005,
order_entry,ORD_000402,ENT_000103,,
entry_settlement,,ENT_000103,STL_0005,
order_entry,ORD_000107,ENT_000104,,
entry_settlement,,ENT_000104,STL_0005,
order_entry,ORD_000118,ENT_000105,,
entry_settlement,,ENT_000105,STL_0006,
order_entry,ORD_000028,ENT_000106,,
entry_settlement,,ENT_000106,STL_0006,
order_entry,ORD_000102,ENT_000107,,
entry_settlement,,ENT_000107,STL_0006,
order_entry,ORD_000116,ENT_000108,,
entry_settlement,,ENT_000108,STL_0006,
order_entry,ORD_000054,ENT_000109,,
entry_settlement,,ENT_000109,STL_0006,
order_entry,ORD_000105,ENT_000110,,
entry_settlement,,ENT_000110,STL_0006,
order_entry,ORD_000055,ENT_000111,,
entry_settlement,,ENT_000111,STL_0006,
order_entry,ORD_000411,ENT_000112,,
entry_settlement,,ENT_000112,STL_0006,
order_entry,ORD_000098,ENT_000113,,
entry_settlement,,ENT_000113,STL_0006,
order_entry,ORD_000073,ENT_000114,,
entry_settlement,,ENT_000114,STL_0006,
order_entry,ORD_000181,ENT_000115,,
entry_settlement,,ENT_000115,STL_0006,
order_entry,ORD_000347,ENT_000116,,
entry_settlement,,ENT_000116,STL_0006,
order_entry,ORD_000442,ENT_000117,,
entry_settlement,,ENT_000117,STL_0006,
order_entry,ORD_000487,ENT_000118,,
entry_settlement,,ENT_000118,STL_0006,
order_entry,ORD_000369,ENT_000119,,
entry_settlement,,ENT_000119,STL_0006,
order_entry,ORD_000279,ENT_000120,,
entry_settlement,,ENT_000120,STL_0006,
order_entry,ORD_000070,ENT_000121,,
entry_settlement,,ENT_000121,STL_0006,
order_entry,ORD_000330,ENT_000122,,
entry_settlement,,ENT_000122,STL_0006,
order_entry,ORD_000472,ENT_000123,,
entry_settlement,,ENT_000123,STL_0007,
order_entry,ORD_000290,ENT_000124,,
entry_settlement,,ENT_000124,STL_0007,
order_entry,ORD_000091,ENT_000125,,
entry_settlement,,ENT_000125,STL_0007,
order_entry,ORD_000485,ENT_000126,,
entry_settlement,,ENT_000126,STL_0007,
order_entry,ORD_000134,ENT_000127,,
entry_settlement,,ENT_000127,STL_0007,
order_entry,ORD_000297,ENT_000128,,
entry_settlement,,ENT_000128,STL_0007,
order_entry,ORD_000430,ENT_000129,,
entry_settlement,,ENT_000129,STL_0007,
order_entry,ORD_000157,ENT_000130,,
entry_settlement,,ENT_000130,STL_0007,
order_entry,ORD_000453,ENT_000131,,
entry_settlement,,ENT_000131,STL_0007,
order_entry,ORD_000255,ENT_000132,,
entry_settlement,,ENT_000132,STL_0007,
order_entry,ORD_000374,ENT_000133,,
entry_settlement,,ENT_000133,STL_0007,
order_entry,ORD_000272,ENT_000135,,
entry_settlement,,ENT_000135,STL_0008,
order_entry,ORD_000257,ENT_000136,,
entry_settlement,,ENT_000136,STL_0008,
order_entry,ORD_000203,ENT_000137,,
entry_settlement,,ENT_000137,STL_0008,
order_entry,ORD_000119,ENT_000138,,
entry_settlement,,ENT_000138,STL_0008,
order_entry,ORD_000268,ENT_000139,,
entry_settlement,,ENT_000139,STL_0008,
order_entry,ORD_000164,ENT_000140,,
entry_settlement,,ENT_000140,STL_0008,
order_entry,ORD_000229,ENT_000141,,
entry_settlement,,ENT_000141,STL_0008,
order_entry,ORD_000069,ENT_000142,,
entry_settlement,,ENT_000142,STL_0008,
order_entry,ORD_000267,ENT_000143,,
entry_settlement,,ENT_000143,STL_0008,
order_entry,ORD_000145,ENT_000144,,
entry_settlement,,ENT_000144,STL_0008,
order_entry,ORD_000340,ENT_000145,,
entry_settlement,,ENT_000145,STL_0008,
order_entry,ORD_000266,ENT_000146,,
entry_settlement,,ENT_000146,STL_0008,
order_entry,ORD_000021,ENT_000147,,
entry_settlement,,ENT_000147,STL_0008,
order_entry,ORD_000387,ENT_000148,,
entry_settlement,,ENT_000148,STL_0008,
order_entry,ORD_000120,ENT_000149,,
entry_settlement,,ENT_000149,STL_0008,
order_entry,ORD_000386,ENT_000150,,
entry_settlement,,ENT_000150,STL_0008,
order_entry,ORD_000186,ENT_000151,,
entry_settlement,,ENT_000151,STL_0008,
order_entry,ORD_000135,ENT_000152,,
entry_settlement,,ENT_000152,STL_0008,
order_entry,ORD_000065,ENT_000153,,
entry_settlement,,ENT_000153,STL_0008,
order_entry,ORD_000447,ENT_000154,,
entry_settlement,,ENT_000154,STL_0008,
order_entry,ORD_000367,ENT_000155,,
entry_settlement,,ENT_000155,STL_0008,
order_entry,ORD_000408,ENT_000156,,
entry_settlement,,ENT_000156,STL_0009,
order_entry,ORD_000232,ENT_000157,,
entry_settlement,,ENT_000157,STL_0009,
order_entry,ORD_000192,ENT_000158,,
entry_settlement,,ENT_000158,STL_0009,
order_entry,ORD_000381,ENT_000159,,
entry_settlement,,ENT_000159,STL_0009,
order_entry,ORD_000405,ENT_000160,,
entry_settlement,,ENT_000160,STL_0009,
order_entry,ORD_000056,ENT_000161,,
entry_settlement,,ENT_000161,STL_0009,
order_entry,ORD_000078,ENT_000162,,
entry_settlement,,ENT_000162,STL_0009,
order_entry,ORD_000349,ENT_000163,,
entry_settlement,,ENT_000163,STL_0009,
order_entry,ORD_000158,ENT_000164,,
entry_settlement,,ENT_000164,STL_0009,
order_entry,ORD_000087,ENT_000165,,
entry_settlement,,ENT_000165,STL_0009,
order_entry,ORD_000125,ENT_000166,,
entry_settlement,,ENT_000166,STL_0009,
order_entry,ORD_000208,ENT_000167,,
entry_settlement,,ENT_000167,STL_0009,
order_entry,ORD_000012,ENT_000168,,
entry_settlement,,ENT_000168,STL_0009,
order_entry,ORD_000287,ENT_000169,,
entry_settlement,,ENT_000169,STL_0009,
order_entry,ORD_000274,ENT_000170,,
entry_settlement,,ENT_000170,STL_0009,
order_entry,ORD_000424,ENT_000171,,
entry_settlement,,ENT_000171,STL_0009,
order_entry,ORD_000137,ENT_000172,,
entry_settlement,,ENT_000172,STL_0009,
order_entry,ORD_000471,ENT_000173,,
entry_settlement,,ENT_000173,STL_0009,
order_entry,ORD_000373,ENT_000174,,
entry_settlement,,ENT_000174,STL_0009,
order_entry,ORD_000352,ENT_000175,,
entry_settlement,,ENT_000175,STL_0009,
order_entry,ORD_000458,ENT_000176,,
entry_settlement,,ENT_000176,STL_0009,
order_entry,ORD_000351,ENT_000177,,
entry_settlement,,ENT_000177,STL_0009,
order_entry,ORD_000178,ENT_000178,,
entry_settlement,,ENT_000178,STL_0009,
order_entry,ORD_000214,ENT_000179,,
entry_settlement,,ENT_000179,STL_0009,
order_entry,ORD_000006,ENT_000180,,
entry_settlement,,ENT_000180,STL_0009,
order_entry,ORD_000284,ENT_000181,,
entry_settlement,,ENT_000181,STL_0009,
order_entry,ORD_000379,ENT_000182,,
entry_settlement,,ENT_000182,STL_0009,
order_entry,ORD_000104,ENT_000183,,
entry_settlement,,ENT_000183,STL_0009,
order_entry,ORD_000250,ENT_000184,,
entry_settlement,,ENT_000184,STL_0009,
order_entry,ORD_000451,ENT_000185,,
entry_settlement,,ENT_000185,STL_0009,
order_entry,ORD_000224,ENT_000186,,
entry_settlement,,ENT_000186,STL_0009,
order_entry,ORD_000339,ENT_000187,,
entry_settlement,,ENT_000187,STL_0009,
order_entry,ORD_000165,ENT_000188,,
entry_settlement,,ENT_000188,STL_0009,
order_entry,ORD_000253,ENT_000189,,
entry_settlement,,ENT_000189,STL_0009,
order_entry,ORD_000242,ENT_000190,,
entry_settlement,,ENT_000190,STL_0009,
order_entry,ORD_000348,ENT_000191,,
entry_settlement,,ENT_000191,STL_0009,
order_entry,ORD_000210,ENT_000192,,
entry_settlement,,ENT_000192,STL_0009,
order_entry,ORD_000043,ENT_000193,,
entry_settlement,,ENT_000193,STL_0009,
order_entry,ORD_000240,ENT_000194,,
entry_settlement,,ENT_000194,STL_0009,
order_entry,ORD_000072,ENT_000195,,
entry_settlement,,ENT_000195,STL_0009,
order_entry,ORD_000014,ENT_000196,,
entry_settlement,,ENT_000196,STL_0009,
order_entry,ORD_000196,ENT_000197,,
entry_settlement,,ENT_000197,STL_0009,
order_entry,ORD_000469,ENT_000198,,
entry_settlement,,ENT_000198,STL_0009,
order_entry,ORD_000361,ENT_000199,,
entry_settlement,,ENT_000199,STL_0009,
order_entry,ORD_000331,ENT_000200,,
entry_settlement,,ENT_000200,STL_0009,
order_entry,ORD_000036,ENT_000201,,
entry_settlement,,ENT_000201,STL_0009,
order_entry,ORD_000198,ENT_000202,,
entry_settlement,,ENT_000202,STL_0009,
order_entry,ORD_000231,ENT_000203,,
entry_settlement,,ENT_000203,STL_0009,
order_entry,ORD_000179,ENT_000204,,
entry_settlement,,ENT_000204,STL_0009,
order_entry,ORD_000342,ENT_000205,,
entry_settlement,,ENT_000205,STL_0009,
order_entry,ORD_000441,ENT_000206,,
entry_settlement,,ENT_000206,STL_0009,
order_entry,ORD_000103,ENT_000207,,
entry_settlement,,ENT_000207,STL_0009,
order_entry,ORD_000410,ENT_000208,,
entry_settlement,,ENT_000208,STL_0010,
order_entry,ORD_000238,ENT_000209,,
entry_settlement,,ENT_000209,STL_0010,
order_entry,ORD_000446,ENT_000210,,
entry_settlement,,ENT_000210,STL_0010,
order_entry,ORD_000131,ENT_000211,,
entry_settlement,,ENT_000211,STL_0010,
order_entry,ORD_000146,ENT_000212,,
entry_settlement,,ENT_000212,STL_0010,
order_entry,ORD_000227,ENT_000213,,
entry_settlement,,ENT_000213,STL_0010,
order_entry,ORD_000050,ENT_000214,,
entry_settlement,,ENT_000214,STL_0010,
order_entry,ORD_000195,ENT_000215,,
entry_settlement,,ENT_000215,STL_0010,
order_entry,ORD_000066,ENT_000216,,
entry_settlement,,ENT_000216,STL_0010,
order_entry,ORD_000375,ENT_000217,,
entry_settlement,,ENT_000217,STL_0010,
order_entry,ORD_000273,ENT_000218,,
entry_settlement,,ENT_000218,STL_0010,
order_entry,ORD_000394,ENT_000219,,
entry_settlement,,ENT_000219,STL_0010,
order_entry,ORD_000124,ENT_000220,,
entry_settlement,,ENT_000220,STL_0010,
order_entry,ORD_000112,ENT_000221,,
entry_settlement,,ENT_000221,STL_0010,
order_entry,ORD_000144,ENT_000222,,
entry_settlement,,ENT_000222,STL_0010,
order_entry,ORD_000406,ENT_000223,,
entry_settlement,,ENT_000223,STL_0010,
order_entry,ORD_000293,ENT_000224,,
entry_settlement,,ENT_000224,STL_0010,
order_entry,ORD_000194,ENT_000225,,
entry_settlement,,ENT_000225,STL_0010,
order_entry,ORD_000156,ENT_000226,,
entry_settlement,,ENT_000226,STL_0010,
order_entry,ORD_000271,ENT_000227,,
entry_settlement,,ENT_000227,STL_0010,
order_entry,ORD_000113,ENT_000228,,
entry_settlement,,ENT_000228,STL_0011,
order_entry,ORD_000051,ENT_000229,,
entry_settlement,,ENT_000229,STL_0011,
order_entry,ORD_000322,ENT_000230,,
entry_settlement,,ENT_000230,STL_0011,
order_entry,ORD_000395,ENT_000231,,
entry_settlement,,ENT_000231,STL_0011,
order_entry,ORD_000163,ENT_000232,,
entry_settlement,,ENT_000232,STL_0011,
order_entry,ORD_000068,ENT_000233,,
entry_settlement,,ENT_000233,STL_0011,
order_entry,ORD_000009,ENT_000234,,
entry_settlement,,ENT_000234,STL_0011,
order_entry,ORD_000414,ENT_000235,,
entry_settlement,,ENT_000235,STL_0011,
order_entry,ORD_000149,ENT_000236,,
entry_settlement,,ENT_000236,STL_0011,
order_entry,ORD_000254,ENT_000237,,
entry_settlement,,ENT_000237,STL_0011,
order_entry,ORD_000334,ENT_000238,,
entry_settlement,,ENT_000238,STL_0011,
order_entry,ORD_000136,ENT_000239,,
entry_settlement,,ENT_000239,STL_0011,
order_entry,ORD_000278,ENT_000240,,
entry_settlement,,ENT_000240,STL_0011,
order_entry,ORD_000004,ENT_000241,,
entry_settlement,,ENT_000241,STL_0011,
order_entry,ORD_000323,ENT_000242,,
entry_settlement,,ENT_000242,STL_0011,
order_entry,ORD_000075,ENT_000243,,
entry_settlement,,ENT_000243,STL_0011,
order_entry,ORD_000212,ENT_000244,,
entry_settlement,,ENT_000244,STL_0012,
order_entry,ORD_000486,ENT_000245,,
entry_settlement,,ENT_000245,STL_0012,
order_entry,ORD_000462,ENT_000246,,
entry_settlement,,ENT_000246,STL_0012,
order_entry,ORD_000151,ENT_000247,,
entry_settlement,,ENT_000247,STL_0012,
order_entry,ORD_000024,ENT_000248,,
entry_settlement,,ENT_000248,STL_0012,
order_entry,ORD_000228,ENT_000249,,
entry_settlement,,ENT_000249,STL_0012,
order_entry,ORD_000038,ENT_000250,,
entry_settlement,,ENT_000250,STL_0012,
order_entry,ORD_000027,ENT_000251,,
entry_settlement,,ENT_000251,STL_0013,
order_entry,ORD_000235,ENT_000252,,
entry_settlement,,ENT_000252,STL_0013,
order_entry,ORD_000320,ENT_000253,,
entry_settlement,,ENT_000253,STL_0013,
order_entry,ORD_000060,ENT_000254,,
entry_settlement,,ENT_000254,STL_0013,
order_entry,ORD_000359,ENT_000255,,
entry_settlement,,ENT_000255,STL_0013,
order_entry,ORD_000313,ENT_000256,,
entry_settlement,,ENT_000256,STL_0013,
order_entry,ORD_000077,ENT_000257,,
entry_settlement,,ENT_000257,STL_0013,
order_entry,ORD_000295,ENT_000258,,
entry_settlement,,ENT_000258,STL_0013,
order_entry,ORD_000285,ENT_000259,,
entry_settlement,,ENT_000259,STL_0013,
order_entry,ORD_000286,ENT_000260,,
entry_settlement,,ENT_000260,STL_0013,
order_entry,ORD_000237,ENT_000261,,
entry_settlement,,ENT_000261,STL_0013,
order_entry,ORD_000360,ENT_000262,,
entry_settlement,,ENT_000262,STL_0013,
order_entry,ORD_000288,ENT_000263,,
entry_settlement,,ENT_000263,STL_0013,
order_entry,ORD_000260,ENT_000264,,
entry_settlement,,ENT_000264,STL_0013,
order_entry,ORD_000239,ENT_000265,,
entry_settlement,,ENT_000265,STL_0013,
order_entry,ORD_000101,ENT_000266,,
entry_settlement,,ENT_000266,STL_0013,
order_entry,ORD_000003,ENT_000267,,
entry_settlement,,ENT_000267,STL_0013,
order_entry,ORD_000413,ENT_000268,,
entry_settlement,,ENT_000268,STL_0014,
order_entry,ORD_000475,ENT_000269,,
entry_settlement,,ENT_000269,STL_0014,
order_entry,ORD_000261,ENT_000270,,
entry_settlement,,ENT_000270,STL_0014,
order_entry,ORD_000133,ENT_000271,,
entry_settlement,,ENT_000271,STL_0014,
order_entry,ORD_000496,ENT_000272,,
entry_settlement,,ENT_000272,STL_0014,
order_entry,ORD_000259,ENT_000273,,
entry_settlement,,ENT_000273,STL_0014,
order_entry,ORD_000398,ENT_000274,,
entry_settlement,,ENT_000274,STL_0014,
order_entry,ORD_000335,ENT_000275,,
entry_settlement,,ENT_000275,STL_0014,
order_entry,ORD_000324,ENT_000276,,
entry_settlement,,ENT_000276,STL_0014,
order_entry,ORD_000022,ENT_000277,,
entry_settlement,,ENT_000277,STL_0014,
order_entry,ORD_000015,ENT_000278,,
entry_settlement,,ENT_000278,STL_0014,
order_entry,ORD_000392,ENT_000279,,
entry_settlement,,ENT_000279,STL_0014,
order_entry,ORD_000358,ENT_000280,,
entry_settlement,,ENT_000280,STL_0014,
order_entry,ORD_000018,ENT_000281,,
entry_settlement,,ENT_000281,STL_0014,
order_entry,ORD_000467,ENT_000282,,
entry_settlement,,ENT_000282,STL_0014,
order_entry,ORD_000422,ENT_000283,,
entry_settlement,,ENT_000283,STL_0014,
order_entry,ORD_000412,ENT_000284,,
entry_settlement,,ENT_000284,STL_0014,
order_entry,ORD_000438,ENT_000285,,
entry_settlement,,ENT_000285,STL_0014,
order_entry,ORD_000211,ENT_000286,,
entry_settlement,,ENT_000286,STL_0014,
order_entry,ORD_000448,ENT_000287,,
entry_settlement,,ENT_000287,STL_0014,
order_entry,ORD_000315,ENT_000288,,
entry_settlement,,ENT_000288,STL_0014,
order_entry,ORD_000377,ENT_000289,,
entry_settlement,,ENT_000289,STL_0014,
order_entry,ORD_000099,ENT_000290,,
entry_settlement,,ENT_000290,STL_0014,
order_entry,ORD_000042,ENT_000291,,
entry_settlement,,ENT_000291,STL_0014,
order_entry,ORD_000207,ENT_000292,,
entry_settlement,,ENT_000292,STL_0014,
order_entry,ORD_000299,ENT_000293,,
entry_settlement,,ENT_000293,STL_0014,
order_entry,ORD_000200,ENT_000294,,
entry_settlement,,ENT_000294,STL_0014,
order_entry,ORD_000282,ENT_000295,,
entry_settlement,,ENT_000295,STL_0014,
order_entry,ORD_000226,ENT_000296,,
entry_settlement,,ENT_000296,STL_0014,
order_entry,ORD_000312,ENT_000297,,
entry_settlement,,ENT_000297,STL_0014,
order_entry,ORD_000184,ENT_000298,,
entry_settlement,,ENT_000298,STL_0014,
order_entry,ORD_000338,ENT_000299,,
entry_settlement,,ENT_000299,STL_0014,
order_entry,ORD_000269,ENT_000300,,
entry_settlement,,ENT_000300,STL_0014,
order_entry,ORD_000404,ENT_000301,,
entry_settlement,,ENT_000301,STL_0014,
order_entry,ORD_000248,ENT_000302,,
entry_settlement,,ENT_000302,STL_0014,
order_entry,ORD_000437,ENT_000303,,
entry_settlement,,ENT_000303,STL_0014,
order_entry,ORD_000090,ENT_000304,,
entry_settlement,,ENT_000304,STL_0014,
order_entry,ORD_000417,ENT_000305,,
entry_settlement,,ENT_000305,STL_0014,
order_entry,ORD_000492,ENT_000306,,
entry_settlement,,ENT_000306,STL_0014,
order_entry,ORD_000403,ENT_000307,,
entry_settlement,,ENT_000307,STL_0014,
order_entry,ORD_000382,ENT_000308,,
entry_settlement,,ENT_000308,STL_0014,
order_entry,ORD_000388,ENT_000309,,
entry_settlement,,ENT_000309,STL_0014,
order_entry,ORD_000357,ENT_000310,,
entry_settlement,,ENT_000310,STL_0014,
order_entry,ORD_000044,ENT_000311,,
entry_settlement,,ENT_000311,STL_0014,
order_entry,ORD_000483,ENT_000313,,
entry_settlement,,ENT_000313,STL_0015,
order_entry,ORD_000399,ENT_000314,,
entry_settlement,,ENT_000314,STL_0015,
order_entry,ORD_000001,ENT_000315,,
entry_settlement,,ENT_000315,STL_0015,
order_entry,ORD_000205,ENT_000316,,
entry_settlement,,ENT_000316,STL_0015,
order_entry,ORD_000150,ENT_000317,,
entry_settlement,,ENT_000317,STL_0015,
order_entry,ORD_000317,ENT_000318,,
entry_settlement,,ENT_000318,STL_0015,
order_entry,ORD_000397,ENT_000319,,
entry_settlement,,ENT_000319,STL_0015,
order_entry,ORD_000301,ENT_000320,,
entry_settlement,,ENT_000320,STL_0015,
order_entry,ORD_000439,ENT_000321,,
entry_settlement,,ENT_000321,STL_0015,
order_entry,ORD_000215,ENT_000322,,
entry_settlement,,ENT_000322,STL_0015,
order_entry,ORD_000191,ENT_000323,,
entry_settlement,,ENT_000323,STL_0015,
order_entry,ORD_000130,ENT_000325,,
entry_settlement,,ENT_000325,STL_0015,
order_entry,ORD_000236,ENT_000326,,
entry_settlement,,ENT_000326,STL_0015,
order_entry,ORD_000185,ENT_000327,,
entry_settlement,,ENT_000327,STL_0016,
order_entry,ORD_000182,ENT_000328,,
entry_settlement,,ENT_000328,STL_0016,
order_entry,ORD_000303,ENT_000329,,
entry_settlement,,ENT_000329,STL_0016,
order_entry,ORD_000084,ENT_000330,,
entry_settlement,,ENT_000330,STL_0016,
order_entry,ORD_000249,ENT_000331,,
entry_settlement,,ENT_000331,STL_0016,
order_entry,ORD_000480,ENT_000332,,
entry_settlement,,ENT_000332,STL_0016,
order_entry,ORD_000390,ENT_000333,,
entry_settlement,,ENT_000333,STL_0016,
order_entry,ORD_000219,ENT_000334,,
entry_settlement,,ENT_000334,STL_0016,
order_entry,ORD_000474,ENT_000335,,
entry_settlement,,ENT_000335,STL_0016,
order_entry,ORD_000393,ENT_000336,,
entry_settlement,,ENT_000336,STL_0016,
order_entry,ORD_000296,ENT_000337,,
entry_settlement,,ENT_000337,STL_0016,
order_entry,ORD_000264,ENT_000338,,
entry_settlement,,ENT_000338,STL_0016,
order_entry,ORD_000396,ENT_000339,,
entry_settlement,,ENT_000339,STL_0017,
order_entry,ORD_000419,ENT_000340,,
entry_settlement,,ENT_000340,STL_0017,
order_entry,ORD_000489,ENT_000341,,
entry_settlement,,ENT_000341,STL_0017,
order_entry,ORD_000304,ENT_000343,,
entry_settlement,,ENT_000343,STL_0017,
order_entry,ORD_000302,ENT_000344,,
entry_settlement,,ENT_000344,STL_0017,
order_entry,ORD_000298,ENT_000345,,
entry_settlement,,ENT_000345,STL_0017,
order_entry,ORD_000407,ENT_000346,,
entry_settlement,,ENT_000346,STL_0017,
order_entry,ORD_000494,ENT_000347,,
entry_settlement,,ENT_000347,STL_0017,
order_entry,ORD_000218,ENT_000348,,
entry_settlement,,ENT_000348,STL_0017,
order_entry,ORD_000026,ENT_000349,,
entry_settlement,,ENT_000349,STL_0017,
order_entry,ORD_000247,ENT_000350,,
entry_settlement,,ENT_000350,STL_0017,
order_entry,ORD_000180,ENT_000351,,
entry_settlement,,ENT_000351,STL_0017,
order_entry,ORD_000132,ENT_000352,,
entry_settlement,,ENT_000352,STL_0017,
order_entry,ORD_000484,ENT_000353,,
entry_settlement,,ENT_000353,STL_0017,
order_entry,ORD_000010,ENT_000354,,
entry_settlement,,ENT_000354,STL_0017,
order_entry,ORD_000176,ENT_000355,,
entry_settlement,,ENT_000355,STL_0017,
order_entry,ORD_000450,ENT_000356,,
entry_settlement,,ENT_000356,STL_0017,
order_entry,ORD_000325,ENT_000357,,
entry_settlement,,ENT_000357,STL_0017,
order_entry,ORD_000216,ENT_000358,,
entry_settlement,,ENT_000358,STL_0017,
order_entry,ORD_000138,ENT_000359,,
entry_settlement,,ENT_000359,STL_0017,
order_entry,ORD_000346,ENT_000360,,
entry_settlement,,ENT_000360,STL_0017,
order_entry,ORD_000076,ENT_000361,,
entry_settlement,,ENT_000361,STL_0017,
order_entry,ORD_000106,ENT_000362,,
entry_settlement,,ENT_000362,STL_0017,
order_entry,ORD_000336,ENT_000364,,
entry_settlement,,ENT_000364,STL_0017,
order_entry,ORD_000383,ENT_000365,,
entry_settlement,,ENT_000365,STL_0017,
order_entry,ORD_000294,ENT_000366,,
entry_settlement,,ENT_000366,STL_0017,
order_entry,ORD_000311,ENT_000367,,
entry_settlement,,ENT_000367,STL_0017,
order_entry,ORD_000159,ENT_000368,,
entry_settlement,,ENT_000368,STL_0017,
order_entry,ORD_000153,ENT_000369,,
entry_settlement,,ENT_000369,STL_0017,
order_entry,ORD_000497,ENT_000370,,
entry_settlement,,ENT_000370,STL_0017,
order_entry,ORD_000353,ENT_000371,,
entry_settlement,,ENT_000371,STL_0017,
order_entry,ORD_000368,ENT_000372,,
entry_settlement,,ENT_000372,STL_0018,
order_entry,ORD_000263,ENT_000373,,
entry_settlement,,ENT_000373,STL_0018,
order_entry,ORD_000435,ENT_000374,,
entry_settlement,,ENT_000374,STL_0018,
order_entry,ORD_000283,ENT_000375,,
entry_settlement,,ENT_000375,STL_0018,
order_entry,ORD_000401,ENT_000376,,
entry_settlement,,ENT_000376,STL_0018,
order_entry,ORD_000444,ENT_000377,,
entry_settlement,,ENT_000377,STL_0018,
order_entry,ORD_000431,ENT_000378,,
entry_settlement,,ENT_000378,STL_0018,
order_entry,ORD_000071,ENT_000379,,
entry_settlement,,ENT_000379,STL_0018,
order_entry,ORD_000089,ENT_000380,,
entry_settlement,,ENT_000380,STL_0018,
order_entry,ORD_000464,ENT_000381,,
entry_settlement,,ENT_000381,STL_0018,
order_entry,ORD_000175,ENT_000382,,
entry_settlement,,ENT_000382,STL_0018,
order_entry,ORD_000123,ENT_000383,,
entry_settlement,,ENT_000383,STL_0018,
order_entry,ORD_000081,ENT_000384,,
entry_settlement,,ENT_000384,STL_0018,
order_entry,ORD_000245,ENT_000385,,
entry_settlement,,ENT_000385,STL_0018,
order_entry,ORD_000416,ENT_000386,,
entry_settlement,,ENT_000386,STL_0018,
order_entry,ORD_000197,ENT_000387,,
entry_settlement,,ENT_000387,STL_0018,
order_entry,ORD_000019,ENT_000388,,
entry_settlement,,ENT_000388,STL_0018,
order_entry,ORD_000327,ENT_000389,,
entry_settlement,,ENT_000389,STL_0018,
order_entry,ORD_000127,ENT_000390,,
entry_settlement,,ENT_000390,STL_0018,
order_entry,ORD_000243,ENT_000391,,
entry_settlement,,ENT_000391,STL_0018,
order_entry,ORD_000319,ENT_000392,,
entry_settlement,,ENT_000392,STL_0018,
order_entry,ORD_000141,ENT_000393,,
entry_settlement,,ENT_000393,STL_0018,
order_entry,ORD_000111,ENT_000394,,
entry_settlement,,ENT_000394,STL_0018,
order_entry,ORD_000389,ENT_000395,,
entry_settlement,,ENT_000395,STL_0018,
order_entry,ORD_000420,ENT_000396,,
entry_settlement,,ENT_000396,STL_0018,
order_entry,ORD_000225,ENT_000397,,
entry_settlement,,ENT_000397,STL_0018,
order_entry,ORD_000170,ENT_000398,,
entry_settlement,,ENT_000398,STL_0018,
order_entry,ORD_000057,ENT_000399,,
entry_settlement,,ENT_000399,STL_0018,
order_entry,ORD_000308,ENT_000400,,
entry_settlement,,ENT_000400,STL_0018,
order_entry,ORD_000246,ENT_000401,,
entry_settlement,,ENT_000401,STL_0018,
order_entry,ORD_000062,ENT_000402,,
entry_settlement,,ENT_000402,STL_0018,
order_entry,ORD_000017,ENT_000403,,
entry_settlement,,ENT_000403,STL_0018,
order_entry,ORD_000425,ENT_000404,,
entry_settlement,,ENT_000404,STL_0018,
order_entry,ORD_000391,ENT_000405,,
entry_settlement,,ENT_000405,STL_0018,
order_entry,ORD_000037,ENT_000406,,
entry_settlement,,ENT_000406,STL_0018,
order_entry,ORD_000171,ENT_000407,,
entry_settlement,,ENT_000407,STL_0018,
order_entry,ORD_000166,ENT_000408,,
entry_settlement,,ENT_000408,STL_0018,
order_entry,ORD_000433,ENT_000409,,
entry_settlement,,ENT_000409,STL_0018,
order_entry,ORD_000280,ENT_000410,,
entry_settlement,,ENT_000410,STL_0018,
order_entry,ORD_000222,ENT_000411,,
entry_settlement,,ENT_000411,STL_0018,
order_entry,ORD_000384,ENT_000412,,
entry_settlement,,ENT_000412,STL_0018,
order_entry,ORD_000047,ENT_000413,,
entry_settlement,,ENT_000413,STL_0018,
order_entry,ORD_000126,ENT_000414,,
entry_settlement,,ENT_000414,STL_0018,
order_entry,ORD_000122,ENT_000415,,
entry_settlement,,ENT_000415,STL_0018,
order_entry,ORD_000488,ENT_000416,,
entry_settlement,,ENT_000416,STL_0018,
order_entry,ORD_000476,ENT_000417,,
entry_settlement,,ENT_000417,STL_0018,
order_entry,ORD_000362,ENT_000418,,
entry_settlement,,ENT_000418,STL_0018,
order_entry,ORD_000233,ENT_000419,,
entry_settlement,,ENT_000419,STL_0018,
order_entry,ORD_000161,ENT_000420,,
entry_settlement,,ENT_000420,STL_0018,
order_entry,ORD_000490,ENT_000421,,
entry_settlement,,ENT_000421,STL_0018,
order_entry,ORD_000426,ENT_000422,,
entry_settlement,,ENT_000422,STL_0018,
order_entry,ORD_000046,ENT_000423,,
entry_settlement,,ENT_000423,STL_0018,
order_entry,ORD_000110,ENT_000424,,
entry_settlement,,ENT_000424,STL_0019,
order_entry,ORD_000307,ENT_000425,,
entry_settlement,,ENT_000425,STL_0019,
order_entry,ORD_000202,ENT_000426,,
entry_settlement,,ENT_000426,STL_0019,
order_entry,ORD_000177,ENT_000427,,
entry_settlement,,ENT_000427,STL_0019,
order_entry,ORD_000345,ENT_000428,,
entry_settlement,,ENT_000428,STL_0019,
order_entry,ORD_000252,ENT_000429,,
entry_settlement,,ENT_000429,STL_0019,
order_entry,ORD_000199,ENT_000430,,
entry_settlement,,ENT_000430,STL_0019,
order_entry,ORD_000473,ENT_000431,,
entry_settlement,,ENT_000431,STL_0019,
order_entry,ORD_000366,ENT_000432,,
entry_settlement,,ENT_000432,STL_0019,
order_entry,ORD_000460,ENT_000433,,
entry_settlement,,ENT_000433,STL_0019,
order_entry,ORD_000142,ENT_000434,,
entry_settlement,,ENT_000434,STL_0019,
order_entry,ORD_000329,ENT_000435,,
entry_settlement,,ENT_000435,STL_0019,
order_entry,ORD_000188,ENT_000436,,
entry_settlement,,ENT_000436,STL_0019,
order_entry,ORD_000082,ENT_000437,,
entry_settlement,,ENT_000437,STL_0019,
order_entry,ORD_000455,ENT_000438,,
entry_settlement,,ENT_000438,STL_0020,
order_entry,ORD_000083,ENT_000439,,
entry_settlement,,ENT_000439,STL_0020,
order_entry,ORD_000281,ENT_000440,,
entry_settlement,,ENT_000440,STL_0020,
order_entry,ORD_000354,ENT_000441,,
entry_settlement,,ENT_000441,STL_0020,
order_entry,ORD_000002,ENT_000442,,
entry_settlement,,ENT_000442,STL_0020,
order_entry,ORD_000041,ENT_000443,,
entry_settlement,,ENT_000443,STL_0020,
order_entry,ORD_000162,ENT_000444,,
entry_settlement,,ENT_000444,STL_0020,
order_entry,ORD_000478,ENT_000445,,
entry_settlement,,ENT_000445,STL_0020,
order_entry,ORD_000310,ENT_000446,,
entry_settlement,,ENT_000446,STL_0020,
order_entry,ORD_000020,ENT_000447,,
entry_settlement,,ENT_000447,STL_0020,
order_entry,ORD_000482,ENT_000448,,
entry_settlement,,ENT_000448,STL_0020,
order_entry,ORD_000400,ENT_000449,,
entry_settlement,,ENT_000449,STL_0020,
order_entry,ORD_000337,ENT_000450,,
entry_settlement,,ENT_000450,STL_0020,
order_entry,ORD_000096,ENT_000451,,
entry_settlement,,ENT_000451,STL_0020,
order_entry,ORD_000481,ENT_000452,,
entry_settlement,,ENT_000452,STL_0020,
order_entry,ORD_000321,ENT_000453,,
entry_settlement,,ENT_000453,STL_0020,
order_entry,ORD_000423,ENT_000454,,
entry_settlement,,ENT_000454,STL_0020,
order_entry,ORD_000258,ENT_000455,,
entry_settlement,,ENT_000455,STL_0020,
order_entry,ORD_000332,ENT_000456,,
entry_settlement,,ENT_000456,STL_0020,
order_entry,ORD_000427,ENT_000457,,
entry_settlement,,ENT_000457,STL_0020,
order_entry,ORD_000466,ENT_000458,,
entry_settlement,,ENT_000458,STL_0020,
order_entry,ORD_000052,ENT_000459,,
entry_settlement,,ENT_000459,STL_0020,
order_entry,ORD_000234,ENT_000460,,
entry_settlement,,ENT_000460,STL_0020,
order_entry,ORD_000463,ENT_000461,,
order_entry,ORD_000365,ENT_000462,,
order_entry,ORD_000333,ENT_000463,,
order_entry,ORD_000140,ENT_000464,,
order_entry,ORD_000326,ENT_000465,,
order_entry,ORD_000428,ENT_000466,,
order_entry,ORD_000058,ENT_000467,,
order_entry,ORD_000097,ENT_000468,,
order_entry,ORD_000314,ENT_000469,,
order_entry,ORD_000045,ENT_000470,,
order_entry,ORD_000305,ENT_000471,,
order_entry,ORD_000189,ENT_000472,,
order_entry,ORD_000117,ENT_000473,,
order_entry,ORD_000256,ENT_000474,,
order_entry,ORD_000328,ENT_000475,,
order_entry,ORD_000034,ENT_000476,,
order_entry,ORD_000420,ENT_000477,,
order_entry,ORD_000324,ENT_000478,,
entry_settlement,,ENT_000478,STL_0014,
order_entry,ORD_000398,ENT_000479,,
entry_settlement,,ENT_000479,STL_0018,
order_entry,ORD_000270,ENT_000480,,
entry_settlement,,ENT_000480,STL_0007,
order_entry,ORD_000439,ENT_000481,,
entry_settlement,,ENT_000481,STL_0018,
order_entry,ORD_000355,ENT_000482,,
entry_settlement,,ENT_000482,STL_0004,
order_entry,ORD_000116,ENT_000483,,
entry_settlement,,ENT_000483,STL_0014,
order_entry,ORD_000302,ENT_000484,,
order_entry,ORD_000191,ENT_000485,,
entry_settlement,,ENT_000485,STL_0017,
order_entry,ORD_000225,ENT_000486,,
order_entry,ORD_000105,ENT_000487,,
entry_settlement,,ENT_000487,STL_0012,
order_entry,ORD_000041,ENT_000488,,
order_entry,ORD_000180,ENT_000489,,
order_entry,ORD_000273,ENT_000490,,
entry_settlement,,ENT_000490,STL_0015,
order_entry,ORD_000345,ENT_000491,,
order_entry,ORD_000432,ENT_000492,,
entry_settlement,,ENT_000492,STL_0014,
order_entry,ORD_000028,ENT_000493,,
entry_settlement,,ENT_000493,STL_0007,
order_entry,ORD_000307,ENT_000494,,
entry_settlement,,ENT_000494,STL_0019,
order_entry,ORD_000346,ENT_000495,,
order_entry,ORD_000337,ENT_000496,,
order_entry,ORD_000089,ENT_000497,,
order_entry,ORD_000406,ENT_000498,,
entry_settlement,,ENT_000498,STL_0018,
order_entry,ORD_000480,ENT_000499,,
entry_settlement,,ENT_000499,STL_0017,
order_entry,ORD_000233,ENT_000500,,
entry_settlement,,ENT_000500,STL_0020,
order_entry,ORD_000040,ENT_000501,,
entry_settlement,,ENT_000501,STL_0004,
order_entry,ORD_000123,ENT_000502,,
order_entry,ORD_000132,ENT_000503,,
entry_settlement,,ENT_000503,STL_0018,
order_entry,ORD_000385,ENT_000504,,
entry_settlement,,ENT_000504,STL_0014,
order_entry,ORD_000465,ENT_000505,,
entry_settlement,,ENT_000505,STL_0005,
order_entry,ORD_000217,ENT_000506,,
entry_settlement,,ENT_000506,STL_0017,
order_entry,ORD_000302,ENT_000507,,
order_entry,ORD_000393,ENT_000508,,
order_entry,ORD_000070,ENT_000509,,
entry_settlement,,ENT_000509,STL_0018,
entry_settlement,,ENT_000510,STL_0020,
entry_settlement,,ENT_000511,STL_0008,
entry_settlement,,ENT_000512,STL_0004,
entry_settlement,,ENT_000513,STL_0010,
entry_settlement,,ENT_000514,STL_0020,
entry_settlement,,ENT_000515,STL_0001,
entry_settlement,,ENT_000516,STL_0001,
entry_settlement,,ENT_000518,STL_0002,
entry_settlement,,ENT_000519,STL_0002,
entry_settlement,,ENT_000521,STL_0003,
entry_settlement,,ENT_000522,STL_0003,
entry_settlement,,ENT_000524,STL_0004,
entry_settlement,,ENT_000525,STL_0004,
entry_settlement,,ENT_000527,STL_0005,
entry_settlement,,ENT_000528,STL_0005,
entry_settlement,,ENT_000530,STL_0006,
entry_settlement,,ENT_000531,STL_0006,
entry_settlement,,ENT_000532,STL_0006,
entry_settlement,,ENT_000534,STL_0007,
entry_settlement,,ENT_000535,STL_0007,
entry_settlement,,ENT_000536,STL_0007,
entry_settlement,,ENT_000538,STL_0008,
entry_settlement,,ENT_000539,STL_0008,
entry_settlement,,ENT_000540,STL_0008,
entry_settlement,,ENT_000542,STL_0009,
entry_settlement,,ENT_000543,STL_0009,
entry_settlement,,ENT_000544,STL_0009,
entry_settlement,,ENT_000546,STL_0010,
entry_settlement,,ENT_000547,STL_0010,
entry_settlement,,ENT_000548,STL_0010,
entry_settlement,,ENT_000550,STL_0011,
entry_settlement,,ENT_000551,STL_0011,
entry_settlement,,ENT_000552,STL_0011,
entry_settlement,,ENT_000554,STL_0012,
entry_settlement,,ENT_000555,STL_0012,
entry_settlement,,ENT_000556,STL_0012,
entry_settlement,,ENT_000558,STL_0013,
entry_settlement,,ENT_000559,STL_0013,
entry_settlement,,ENT_000560,STL_0013,
entry_settlement,,ENT_000562,STL_0014,
entry_settlement,,ENT_000563,STL_0014,
entry_settlement,,ENT_000564,STL_0014,
entry_settlement,,ENT_000566,STL_0015,
entry_settlement,,ENT_000567,STL_0015,
entry_settlement,,ENT_000568,STL_0015,
entry_settlement,,ENT_000570,STL_0016,
entry_settlement,,ENT_000571,STL_0016,
entry_settlement,,ENT_000572,STL_0016,
entry_settlement,,ENT_000574,STL_0017,
entry_settlement,,ENT_000575,STL_0017,
entry_settlement,,ENT_000576,STL_0017,
entry_settlement,,ENT_000577,STL_0017,
entry_settlement,,ENT_000579,STL_0018,
entry_settlement,,ENT_000580,STL_0018,
entry_settlement,,ENT_000581,STL_0018,
entry_settlement,,ENT_000583,STL_0019,
entry_settlement,,ENT_000584,STL_0019,
entry_settlement,,ENT_000585,STL_0019,
entry_settlement,,ENT_000587,STL_0020,
entry_settlement,,ENT_000588,STL_0020,
entry_settlement,,ENT_000589,STL_0020,
settlement_bank,,,STL_0001,LINE_000001
settlement_bank,,,STL_0002,LINE_000002
settlement_bank,,,STL_0003,LINE_000003
settlement_bank,,,STL_0004,LINE_000004
settlement_bank,,,STL_0005,LINE_000005
settlement_bank,,,STL_0006,LINE_000006
settlement_bank,,,STL_0007,LINE_000007
settlement_bank,,,STL_0008,LINE_000008
settlement_bank,,,STL_0009,LINE_000009
settlement_bank,,,STL_0010,LINE_000010
settlement_bank,,,STL_0013,LINE_000013
settlement_bank,,,STL_0015,LINE_000015
settlement_bank,,,STL_0016,LINE_000016
settlement_bank,,,STL_0017,LINE_000017
settlement_bank,,,STL_0018,LINE_000018
settlement_bank,,,STL_0019,LINE_000019
settlement_bank,,,STL_0020,LINE_000020
order_entry,ORD_000124,ENT_000591,,
entry_settlement,,ENT_000591,STL_0010,
order_entry,ORD_000076,ENT_000592,,
entry_settlement,,ENT_000592,STL_0017,
order_entry,ORD_000391,ENT_000593,,
entry_settlement,,ENT_000593,STL_0018,
order_entry,ORD_000085,ENT_000594,,
entry_settlement,,ENT_000594,STL_0001,
order_entry,ORD_000386,ENT_000595,,
entry_settlement,,ENT_000595,STL_0008,
entry_settlement,,ENT_000596,STL_0004,
entry_settlement,,ENT_000597,STL_0011,
entry_settlement,,ENT_000598,STL_0015,
entry_settlement,,ENT_000599,STL_0008,
entry_settlement,,ENT_000600,STL_0002,
entry_settlement,,ENT_000601,STL_0010,
entry_settlement,,ENT_000602,STL_0001,
settlement_bank,,,STL_0011,LINE_000029
settlement_bank,,,STL_0012,LINE_000029
settlement_bank,,,STL_0014,LINE_000030
settlement_bank,,,STL_0014,LINE_000031
